PRAGMA foreign_keys=OFF;
BEGIN TRANSACTION;
CREATE TABLE play (
  id               integer primary key,
  played_at        text,
  track_id         text,
  track_name       text,
  album_id         text,
  album_name       text,
  main_artist_id   text,
  main_artist_name text, context text,
  foreign key (track_id) references track (track_id),
  foreign key (main_artist_id) references artist (artist_id),
  foreign key (album_id) references album (album_id)
);
INSERT INTO play VALUES(1,'2023-03-07T22:25:45.250Z','4YD8j84oe9UzTuklwTzz4R','i cannot save you','6datNfWPAAbyGAap5GG5zq','i cannot save you','6K1Arugub6xpjLfkJfgCZL','Hinshi','spotify:playlist:6Ir1pJzdIiCEmBMKJajWQQ');
INSERT INTO play VALUES(2,'2023-03-07T22:24:42.466Z','0oTGWu0AVRjs5RXh1LQWW5','Mariana','76VaiS31Je9qRTRN7zRWav','Mariana','5N5jf98OOEf3uAIJpi1deD','The Royston Club','spotify:playlist:6Ir1pJzdIiCEmBMKJajWQQ');
INSERT INTO play VALUES(3,'2023-03-07T22:21:10.368Z','3l86L9DISKfqMWo55UvUSm','Vampire','4fu4zWWt1p2nfi8ZJVTJjd','Vampire','4lET4bWdSD116tQndRZ96X','Fallen Oceans','spotify:playlist:6Ir1pJzdIiCEmBMKJajWQQ');
INSERT INTO play VALUES(4,'2023-03-07T22:19:06.898Z','0VpSpAYEc2DlNSmnxGyg6F','Los Santos','4yJE1Z4qZcF4gHgIOixcyh','Los Santos','6wW4D3fGgRABc3cAotb0RS','Current Blue','spotify:playlist:6Ir1pJzdIiCEmBMKJajWQQ');
INSERT INTO play VALUES(5,'2023-03-07T22:16:48.755Z','7g2ZfScI3hUoHAdpVO0P4Z','how the hell did we end up here?','5qNyLZnMwnZBv7NFXmChtV','ache (demos)','502gYHkFCtLzBIcU4ctPLd','Zeph','spotify:playlist:6Ir1pJzdIiCEmBMKJajWQQ');
INSERT INTO play VALUES(6,'2023-03-07T22:15:22.566Z','1MQLdI6RONvfjEz4K6ZRXp','War','5LjSnB8XhGUTQ47WAzdXJb','War','4lhUHpVOXmkEBGGHV71QCh','Chance Peña','spotify:playlist:6Ir1pJzdIiCEmBMKJajWQQ');
INSERT INTO play VALUES(7,'2023-03-07T22:12:43.764Z','0lO1yt6M1l1OAs80M3vEfM','King of Everything','05jbNkYoEQdjVDHEHtg1gY','Don''t Forget About Me, Demos','6USv9qhCn6zfxlBQIYJ9qs','Dominic Fike','spotify:playlist:6Ir1pJzdIiCEmBMKJajWQQ');
INSERT INTO play VALUES(8,'2023-03-07T22:09:28.835Z','6xniBg7UJ03jcyvOgfWVJk','FELT','3hzt5mEdhd9YF81TGH1pOx','Born Erased','34qyuX5yO72yzL8Z4JclBc','Nate Traveller','spotify:playlist:6Ir1pJzdIiCEmBMKJajWQQ');
INSERT INTO play VALUES(9,'2023-03-07T22:07:43.284Z','6UuUbGvNaGsNjCYOuyw18Y','Above the Salt','7tHZf9HwjVlQjQ7JkAXWNE','Above the Salt','5eNDu0xRakAeO0Za8pRIuG','Portair','spotify:playlist:6Ir1pJzdIiCEmBMKJajWQQ');
INSERT INTO play VALUES(10,'2023-03-07T22:03:56.131Z','1SfP1Z4kAi13YqQQbZ3g5k','Deep End','7LHDsa9C6lKPdhQoJtdCoH','Deep End','5JKePhHHAtaMvBoWuULgm6','Bennett Coast','spotify:playlist:6Ir1pJzdIiCEmBMKJajWQQ');
INSERT INTO play VALUES(11,'2023-03-07T22:00:50.617Z','6bsjNDCZQ1TwHI37AtAQ7K','you','2ha2R9dZOJ6B0aYnNanUwQ','crush (demos)','502gYHkFCtLzBIcU4ctPLd','Zeph','spotify:playlist:6Ir1pJzdIiCEmBMKJajWQQ');
INSERT INTO play VALUES(12,'2023-03-07T21:59:31.365Z','1q2o5p3RJuMoeVWUszKDgH','Summer 2019','5dTd90vjm7gvka1Jy3lB3q','Summer 2019','6ykTQoJQsIFiHJg8IzOMu0','Caroline Culver','spotify:playlist:6Ir1pJzdIiCEmBMKJajWQQ');
INSERT INTO play VALUES(13,'2023-03-07T20:20:26.775Z','4BoWM5jPzcJQTOehHM6rd4','Say Less','1UlArx9Z3TTgNGwOQ2yubC','Golden Age','6kDXH8d9LugUAsHIozzDAI','Rosie Darling','spotify:playlist:6Ir1pJzdIiCEmBMKJajWQQ');
INSERT INTO play VALUES(14,'2023-03-07T20:18:49.637Z','3dlUwUhiRK1R2ywHXf92Ol','it''s over','5W24xtDFpcakd6JTepCNfT','it''s over','5WMK3mhmT1MzIko40qoUJO','Mookigang','spotify:playlist:6Ir1pJzdIiCEmBMKJajWQQ');
INSERT INTO play VALUES(15,'2023-03-07T20:17:31.933Z','740fSe2KremXUF2V6e4KnG','Don''t Hate Me','5onmM2jMU1bod6ybbehqAq','Don’t Hate Me','67FB4n52MgexGQIG8s0yUH','Lola Young','spotify:playlist:6Ir1pJzdIiCEmBMKJajWQQ');
INSERT INTO play VALUES(16,'2023-03-07T20:14:49.260Z','36WabQN781ejYiSWKQAzDD','my fault','2ha2R9dZOJ6B0aYnNanUwQ','crush (demos)','502gYHkFCtLzBIcU4ctPLd','Zeph','spotify:playlist:6Ir1pJzdIiCEmBMKJajWQQ');
INSERT INTO play VALUES(17,'2023-03-07T20:13:47.924Z','2sOOXgEGB7nhKO8mmc1GhI','Dominic’s Interlude','68enXe5XcJdciSDAZr0Alr','Manic','26VFTg2z8YR0cCuwLzESi2','Halsey','spotify:playlist:6Ir1pJzdIiCEmBMKJajWQQ');
INSERT INTO play VALUES(18,'2023-03-07T17:38:45.841Z','2W6JJNZqmvjmesCEdGlhPZ','the grass wasn’t greener','33ABHEFBrhVxKwimVhBZ6B','the grass wasn’t greener','4owATw6JCMuUxeWdh3eiyg','Beowülf','spotify:playlist:6Ir1pJzdIiCEmBMKJajWQQ');
INSERT INTO play VALUES(19,'2023-03-07T17:36:59.730Z','0VpSpAYEc2DlNSmnxGyg6F','Los Santos','4yJE1Z4qZcF4gHgIOixcyh','Los Santos','6wW4D3fGgRABc3cAotb0RS','Current Blue','spotify:playlist:6Ir1pJzdIiCEmBMKJajWQQ');
INSERT INTO play VALUES(20,'2023-03-07T17:34:41.608Z','6UuUbGvNaGsNjCYOuyw18Y','Above the Salt','7tHZf9HwjVlQjQ7JkAXWNE','Above the Salt','5eNDu0xRakAeO0Za8pRIuG','Portair','spotify:playlist:6Ir1pJzdIiCEmBMKJajWQQ');
INSERT INTO play VALUES(21,'2023-03-07T17:30:54.363Z','6FkfLkSw8ZfitnAnqVglqr','world','2ha2R9dZOJ6B0aYnNanUwQ','crush (demos)','502gYHkFCtLzBIcU4ctPLd','Zeph','spotify:playlist:6Ir1pJzdIiCEmBMKJajWQQ');
INSERT INTO play VALUES(22,'2023-03-07T17:29:51.127Z','1q2o5p3RJuMoeVWUszKDgH','Summer 2019','5dTd90vjm7gvka1Jy3lB3q','Summer 2019','6ykTQoJQsIFiHJg8IzOMu0','Caroline Culver','spotify:playlist:6Ir1pJzdIiCEmBMKJajWQQ');
INSERT INTO play VALUES(23,'2023-03-07T17:27:30.734Z','7yswZLCCf3jY67vhBO03oJ','It Could Be Worse','5tUM4uP2IVeOa5Lh4F0FzS','Cruise Control','6Lx82nbEVfeTfEa4yT01Jo','Ben Kessler','spotify:playlist:6Ir1pJzdIiCEmBMKJajWQQ');
INSERT INTO play VALUES(24,'2023-03-07T17:25:56.399Z','0lO1yt6M1l1OAs80M3vEfM','King of Everything','05jbNkYoEQdjVDHEHtg1gY','Don''t Forget About Me, Demos','6USv9qhCn6zfxlBQIYJ9qs','Dominic Fike','spotify:playlist:6Ir1pJzdIiCEmBMKJajWQQ');
INSERT INTO play VALUES(25,'2023-03-07T17:22:41.540Z','1SfP1Z4kAi13YqQQbZ3g5k','Deep End','7LHDsa9C6lKPdhQoJtdCoH','Deep End','5JKePhHHAtaMvBoWuULgm6','Bennett Coast','spotify:playlist:6Ir1pJzdIiCEmBMKJajWQQ');
INSERT INTO play VALUES(26,'2023-03-07T17:17:55.472Z','36WabQN781ejYiSWKQAzDD','my fault','2ha2R9dZOJ6B0aYnNanUwQ','crush (demos)','502gYHkFCtLzBIcU4ctPLd','Zeph','spotify:playlist:6Ir1pJzdIiCEmBMKJajWQQ');
INSERT INTO play VALUES(27,'2023-03-07T17:16:54.122Z','2sOOXgEGB7nhKO8mmc1GhI','Dominic’s Interlude','68enXe5XcJdciSDAZr0Alr','Manic','26VFTg2z8YR0cCuwLzESi2','Halsey','spotify:playlist:6Ir1pJzdIiCEmBMKJajWQQ');
INSERT INTO play VALUES(28,'2023-03-07T17:15:37.091Z','38loOBAgDgCW4pFWyH9cey','Six Speed','2DkQzt5cmb3Jy8ZQH4tBo9','Six Speed','6wW4D3fGgRABc3cAotb0RS','Current Blue','spotify:playlist:6Ir1pJzdIiCEmBMKJajWQQ');
INSERT INTO play VALUES(29,'2023-03-07T03:25:19.396Z','1LdGcv246dZ321xFTrNUIe','Skin','3zZi1vy6CnNZX7lbcRJtXo','Sunlight','6V70yeZQCoSR2M3fyW8qiA','Spacey Jane',NULL);
INSERT INTO play VALUES(30,'2023-03-07T03:25:17.433Z','1TDdYSYLIXMJ4EiKO6ZCYk','Mission to Mars','7vXiklrUeffx5o2F8VYwm3','How to: Friend, Love, Freefall','4hz8tIajF2INpgM0qzPJz2','Rainbow Kitten Surprise',NULL);
INSERT INTO play VALUES(31,'2023-03-07T03:22:42.510Z','45d0O3xhhDPV6fhT6aCu48','Dreamland','0KTj6k94XZh0c6IEMfxeWV','Dreamland (+ Bonus Levels)','4yvcSjfu4PC0CYQyLy4wSq','Glass Animals',NULL);
INSERT INTO play VALUES(32,'2023-03-07T03:13:06.010Z','2sOOXgEGB7nhKO8mmc1GhI','Dominic’s Interlude','68enXe5XcJdciSDAZr0Alr','Manic','26VFTg2z8YR0cCuwLzESi2','Halsey',NULL);
INSERT INTO play VALUES(33,'2023-03-07T03:11:47.724Z','2sOOXgEGB7nhKO8mmc1GhI','Dominic’s Interlude','68enXe5XcJdciSDAZr0Alr','Manic','26VFTg2z8YR0cCuwLzESi2','Halsey',NULL);
INSERT INTO play VALUES(34,'2023-03-07T03:10:30.478Z','4MfLjVBgqn4e8fBKWJk6sU','ocean view','2xOawu4iq9fwcdFNvGBTdl','life''s a beach','7uwY65fDg3FVJ8MkJ5QuZK','easy life',NULL);
INSERT INTO play VALUES(35,'2023-03-07T03:07:35.167Z','29kixq8kxaIuxN0TAZomaU','I Might Slip Away if I Don''t Feel Nothing','0Jb9gNSi9ZuWoWB8gbsQQ7','Forest Green (Deluxe)','22vqVhfPJab5kkU9txDGX3','Q',NULL);
INSERT INTO play VALUES(36,'2023-03-07T03:05:54.109Z','38loOBAgDgCW4pFWyH9cey','Six Speed','2DkQzt5cmb3Jy8ZQH4tBo9','Six Speed','6wW4D3fGgRABc3cAotb0RS','Current Blue',NULL);
INSERT INTO play VALUES(37,'2023-03-07T03:02:24.179Z','47D4eGhHQvxoJS4xQv3tf1','PONY','2NDlOOZNBvq6B26feV4gJc','WELCOME HOME','3hOdow4ZPmrby7Q1wfPLEy','Aries',NULL);
INSERT INTO play VALUES(38,'2023-03-07T03:00:21.993Z','65sNrvOp2HLlhGTeLJ0nnk','Being so Normal','6xduu32sm4aidoLhaxYkUA','Being So Normal','6fC2AcsQtd9h4BWELbbire','Peach Pit',NULL);
INSERT INTO play VALUES(39,'2023-03-07T02:56:43.098Z','0iRStxrY5NmQYzuSYnuoGg','You','1ubh8g3vXgxNP5RGfSlO6d','Alone','34qyuX5yO72yzL8Z4JclBc','Nate Traveller',NULL);
INSERT INTO play VALUES(40,'2023-03-07T02:54:35.186Z','75adejSrOgdhLRTOhUkuX2','Batshit','05jbNkYoEQdjVDHEHtg1gY','Don''t Forget About Me, Demos','6USv9qhCn6zfxlBQIYJ9qs','Dominic Fike',NULL);
INSERT INTO play VALUES(41,'2023-03-07T02:51:01.368Z','7vQn8AxjCnao6q9oe7YTG9','Cleaner Air','4Xo5ZlQcMcw3k0WOCbEKmZ','Cleaner Air','5BhFZpE8kUGZJiKOsYjLQM','Yeek',NULL);
INSERT INTO play VALUES(42,'2023-03-07T02:48:52.847Z','7JdarpX08FLhmfNZpxqgUO','RACECAR','2NDlOOZNBvq6B26feV4gJc','WELCOME HOME','3hOdow4ZPmrby7Q1wfPLEy','Aries',NULL);
INSERT INTO play VALUES(43,'2023-03-07T02:46:14.840Z','2bsC6KLZ6a9v6zdoDkziBL','Dirty Love','5h9FO7QRZMcrcnSYvihQ01','Mt. Joy','69tiO1fG8VWduDl3ji2qhI','Mt. Joy',NULL);
INSERT INTO play VALUES(44,'2023-03-07T02:43:29.803Z','3xLU29XDzxUllbDjLumKf7','10x Stronger','1BubKJqf6Uc4fNae5kLJJ7','What Could Possibly Go Wrong','6USv9qhCn6zfxlBQIYJ9qs','Dominic Fike',NULL);
INSERT INTO play VALUES(45,'2023-03-07T02:42:14.003Z','6Ed1q0X8oSKSm4IIhiQbYg','Daylight','1jcNHi5D96aaD0T5f1OjFY','Daylight','3MZsBdqDrRTJihTHQrO6Dq','Joji',NULL);
INSERT INTO play VALUES(46,'2023-03-07T02:39:28.717Z','0lO1yt6M1l1OAs80M3vEfM','King of Everything','05jbNkYoEQdjVDHEHtg1gY','Don''t Forget About Me, Demos','6USv9qhCn6zfxlBQIYJ9qs','Dominic Fike',NULL);
INSERT INTO play VALUES(47,'2023-03-07T02:33:38.204Z','4YD8j84oe9UzTuklwTzz4R','i cannot save you','6datNfWPAAbyGAap5GG5zq','i cannot save you','6K1Arugub6xpjLfkJfgCZL','Hinshi','spotify:playlist:6Ir1pJzdIiCEmBMKJajWQQ');
INSERT INTO play VALUES(48,'2023-03-07T02:32:35.351Z','0oTGWu0AVRjs5RXh1LQWW5','Mariana','76VaiS31Je9qRTRN7zRWav','Mariana','5N5jf98OOEf3uAIJpi1deD','The Royston Club','spotify:playlist:6Ir1pJzdIiCEmBMKJajWQQ');
INSERT INTO play VALUES(49,'2023-03-06T21:04:38.107Z','1eCdsyHZVqHSi5jhwc4TLs','Madonna','2uNNQws3ix4ZyVxueGd2un','Madonna','6RhkgeqhRai3jy4ULSlxFx','Juliana Madrid','spotify:playlist:37i9dQZEVXcM5psbSkhLlF');
INSERT INTO play VALUES(50,'2023-03-06T21:00:28.755Z','0oTGWu0AVRjs5RXh1LQWW5','Mariana','76VaiS31Je9qRTRN7zRWav','Mariana','5N5jf98OOEf3uAIJpi1deD','The Royston Club',NULL);
INSERT INTO play VALUES(51,'2023-03-07T22:28:32.967Z','5W5CKVhjDDRjd3PX13d3lG','Time Goes By','6YL2WtvA4gLbVU1Plnk5mT','Time Goes By','2NM1t8dMvgeu9Lfl06574g','Mishaal Tamer','spotify:playlist:6Ir1pJzdIiCEmBMKJajWQQ');
INSERT INTO play VALUES(52,'2023-03-07T22:40:07.422Z','1bKS3bkIgZueEattZXKQTS','s.f.w.i.s.','1nLliOkHseMxsc47oyAHDJ','letting go of holding back','63VNGVLbUJlPCUpnAFU9LL','kees.',NULL);
INSERT INTO play VALUES(53,'2023-03-07T22:37:01.137Z','3j4P8ytkoDpBFePPrXHEbe','Moonboy','2LhpR3TL7xqk8N4wJBTGIN','Moonboy','5JKePhHHAtaMvBoWuULgm6','Bennett Coast',NULL);
INSERT INTO play VALUES(54,'2023-03-07T22:34:48.342Z','7vQn8AxjCnao6q9oe7YTG9','Cleaner Air','4Xo5ZlQcMcw3k0WOCbEKmZ','Cleaner Air','5BhFZpE8kUGZJiKOsYjLQM','Yeek',NULL);
INSERT INTO play VALUES(55,'2023-03-07T22:31:21.331Z','2JUvDYr4aKfI1Qg1dIefxZ','Holly','1vUcIP9rKpbAnouzD7UCXW','Holly','3STjhKc10jr3X60mDRpHV4','Anna Shoemaker','spotify:playlist:6Ir1pJzdIiCEmBMKJajWQQ');
INSERT INTO play VALUES(56,'2023-03-07T22:43:36.708Z','34uXlhi3eN9jpO95CgeV0o','Kill the Sun','4wOpcPLdWnzhU28kubGRXC','Family Ghost','70fUpxdAr6t0LJw3xJmMhm','Motherfolk',NULL);
INSERT INTO play VALUES(57,'2023-03-07T22:47:17.593Z','458f6v8JPdsk6Qms2sddVm','Pandora''s Box','5fa6oWFXuvaVkY49mfOsRd','Ancient Dreams In A Modern Land','6CwfuxIqcltXDGjfZsMd9A','MARINA',NULL);
INSERT INTO play VALUES(58,'2023-03-07T22:52:07.633Z','7gCMZGYUvujTe4OF64uvN3','Where''s My Love - Slowed','7dwAeKkbpzA4ELMDiacfcR','Where''s My Love (Slowed)','6AyATGg7mDgBlZ4N5uNog0','SYML',NULL);
INSERT INTO play VALUES(59,'2023-03-08T23:16:36.137Z','0lO1yt6M1l1OAs80M3vEfM','King of Everything','05jbNkYoEQdjVDHEHtg1gY','Don''t Forget About Me, Demos','6USv9qhCn6zfxlBQIYJ9qs','Dominic Fike','spotify:playlist:6Ir1pJzdIiCEmBMKJajWQQ');
INSERT INTO play VALUES(60,'2023-03-08T23:13:21.264Z','740fSe2KremXUF2V6e4KnG','Don''t Hate Me','5onmM2jMU1bod6ybbehqAq','Don’t Hate Me','67FB4n52MgexGQIG8s0yUH','Lola Young','spotify:playlist:6Ir1pJzdIiCEmBMKJajWQQ');
INSERT INTO play VALUES(61,'2023-03-08T23:10:38.634Z','36WabQN781ejYiSWKQAzDD','my fault','2ha2R9dZOJ6B0aYnNanUwQ','crush (demos)','502gYHkFCtLzBIcU4ctPLd','Zeph','spotify:playlist:6Ir1pJzdIiCEmBMKJajWQQ');
INSERT INTO play VALUES(62,'2023-03-08T23:09:37.233Z','2sOOXgEGB7nhKO8mmc1GhI','Dominic’s Interlude','68enXe5XcJdciSDAZr0Alr','Manic','26VFTg2z8YR0cCuwLzESi2','Halsey','spotify:playlist:6Ir1pJzdIiCEmBMKJajWQQ');
INSERT INTO play VALUES(63,'2023-03-08T23:08:16.806Z','73ZWAySu4UX5LkpCM6zjYh','CHRONICALLY CAUTIOUS','418zZ5Y7Wds4r6JiIU0WEL','CHRONICALLY CAUTIOUS','3Ru5n2T3JIrjnSZhf2rinv','Braden Bales','spotify:album:5CG9626TPlTSDlOlsVXafP');
INSERT INTO play VALUES(64,'2023-03-08T23:06:16.721Z','6BL3h2yQfMPIwBnc74c5sa','Throwback Tears','5CG9626TPlTSDlOlsVXafP','Good, but not together','7blXVKBSxdFZsIqlhdViKc','Valley','spotify:album:5CG9626TPlTSDlOlsVXafP');
INSERT INTO play VALUES(65,'2023-03-08T23:04:18.798Z','6YiR17DGpJa5r4X7RjwCwW','Good, but not together','5CG9626TPlTSDlOlsVXafP','Good, but not together','7blXVKBSxdFZsIqlhdViKc','Valley','spotify:album:5CG9626TPlTSDlOlsVXafP');
INSERT INTO play VALUES(66,'2023-03-08T23:27:44.165Z','0HXiFFhg287d15ssjFaRZp','Get By','0QnWm07An8WyO3eupjBDoP','If This Isn’t Nice, I Don’t Know What Is','4iMO20EPodreIaEl8qW66y','Still Woozy','spotify:playlist:6Ir1pJzdIiCEmBMKJajWQQ');
INSERT INTO play VALUES(67,'2023-03-08T23:21:59.836Z','0VpSpAYEc2DlNSmnxGyg6F','Los Santos','4yJE1Z4qZcF4gHgIOixcyh','Los Santos','6wW4D3fGgRABc3cAotb0RS','Current Blue','spotify:playlist:6Ir1pJzdIiCEmBMKJajWQQ');
INSERT INTO play VALUES(68,'2023-03-08T23:19:41.675Z','1SfP1Z4kAi13YqQQbZ3g5k','Deep End','7LHDsa9C6lKPdhQoJtdCoH','Deep End','5JKePhHHAtaMvBoWuULgm6','Bennett Coast','spotify:playlist:6Ir1pJzdIiCEmBMKJajWQQ');
INSERT INTO play VALUES(69,'2023-03-08T23:48:05.335Z','6iofGrOUEOT0uaAMz17a27','August','5AzPpusxP7djj8t5L2dLty','August','09T7VuMMHnOSMGjOv1nCSX','Vanisa Khamkhosy','spotify:playlist:6Ir1pJzdIiCEmBMKJajWQQ');
INSERT INTO play VALUES(70,'2023-03-08T23:45:19.236Z','34uXlhi3eN9jpO95CgeV0o','Kill the Sun','4wOpcPLdWnzhU28kubGRXC','Family Ghost','70fUpxdAr6t0LJw3xJmMhm','Motherfolk','spotify:playlist:6Ir1pJzdIiCEmBMKJajWQQ');
INSERT INTO play VALUES(71,'2023-03-08T23:41:49.945Z','0SGeEJ5gbYEZQMj3kFUzwR','Gothic Babe Tendencies (feat. blackbear)','1U0HbPRySU5K84eLnfIaTd','Good Thing We Stayed','5yvGiZLSWJTPBlZpVbPnEZ','Julia Wolf','spotify:playlist:6Ir1pJzdIiCEmBMKJajWQQ');
INSERT INTO play VALUES(72,'2023-03-08T23:36:45.934Z','7eP9kTIDDkOkv9sqJEZyUT','WISH I HAD YOU','6SW7IIrlj6LoWxDPinGeQp','4TH WALL','5xkAtLTf309LAGZTbvULBn','Ruel','spotify:playlist:6Ir1pJzdIiCEmBMKJajWQQ');
INSERT INTO play VALUES(73,'2023-03-08T23:33:14.051Z','0HXiFFhg287d15ssjFaRZp','Get By','0QnWm07An8WyO3eupjBDoP','If This Isn’t Nice, I Don’t Know What Is','4iMO20EPodreIaEl8qW66y','Still Woozy','spotify:playlist:6Ir1pJzdIiCEmBMKJajWQQ');
INSERT INTO play VALUES(74,'2023-03-08T23:30:46.765Z','3lXEoPxZMDiMNeE4ea5nct','Where Do You Go','4MG8Z8BcUsNQFgJjMxzTWN','drowning','2yLzlEFtIS0Q9UkyBZdQA7','Jessie Murph','spotify:playlist:6Ir1pJzdIiCEmBMKJajWQQ');
INSERT INTO play VALUES(75,'2023-03-09T17:45:16.733Z','34h9Wr114K0EjlFsjITrMW','What If I Still Miss You?','2UPFK2Xdq6ZyDUVLj3aEc5','What If I Still Miss You?','1f2q4venkA2pATVTmWhS6Z','Lily Williams','spotify:playlist:3SO2GOMGiifJWOeNiLQgKs');
INSERT INTO play VALUES(76,'2023-03-09T16:44:18.590Z','1wJWwgCNRoPnp5nelPCy6W','Bad Choice My Boy','10dztCLuuvkNaQlOgWxbZz','Just To Be Ironic','7FvQR6QFfXmW18dyMqnHvv','Tommy Newport',NULL);
INSERT INTO play VALUES(77,'2023-03-09T16:42:26.131Z','2ruVNhIUh7AUYUhbAvzLoB','Airport','1jU9A4NHI3xVySNckr0HDn','Hunny','34qyuX5yO72yzL8Z4JclBc','Nate Traveller',NULL);
INSERT INTO play VALUES(78,'2023-03-09T16:39:50.738Z','3X7v1y9g6psZQjZZwtZkm4','Listerine','7GYzQIMfdDWo2XC4BDLHPk','Fuzzybrain','6eJa3zG1QZLRB3xgRuyxbm','Dayglow',NULL);
INSERT INTO play VALUES(79,'2023-03-09T16:36:14.427Z','7412fpVfB2PSSb1nENQczC','Sheep','5a09nRt0ZS75T2PpjP1W0c','Sheep','69tiO1fG8VWduDl3ji2qhI','Mt. Joy',NULL);
INSERT INTO play VALUES(80,'2023-03-09T16:32:38.391Z','0UYuRLB2wbG7X19Hd5DeQ2','Any Way You Want Me','7bNubmdfctkLp7ltJE0pLy','The Family','1Bl6wpkWCQ4KVgnASpvzzA','BROCKHAMPTON',NULL);
INSERT INTO play VALUES(81,'2023-03-09T16:31:07.205Z','3vQYcH9krDAkYqPJILas3J','Imaginationcy','7m9rnbf4zM8BuHE3Llmyj0','Imaginationcy','7o96HO2zrujyATtVsqGhh3','Goth Babe',NULL);
INSERT INTO play VALUES(82,'2023-03-09T16:27:38.179Z','32h65LacMUd5hTol2JgQOU','Ruby Fields','2TlvgNvgxFbdF6e6GO7lPt','So You''re Mad About the Cups','1vnh2cDW2CgA5M1ya95mZG','Sarah and the Sundays',NULL);
INSERT INTO play VALUES(83,'2023-03-09T16:24:30.343Z','0iRStxrY5NmQYzuSYnuoGg','You','1ubh8g3vXgxNP5RGfSlO6d','Alone','34qyuX5yO72yzL8Z4JclBc','Nate Traveller',NULL);
INSERT INTO play VALUES(84,'2023-03-09T16:22:20.830Z','3xLU29XDzxUllbDjLumKf7','10x Stronger','1BubKJqf6Uc4fNae5kLJJ7','What Could Possibly Go Wrong','6USv9qhCn6zfxlBQIYJ9qs','Dominic Fike',NULL);
INSERT INTO play VALUES(85,'2023-03-09T16:21:04.534Z','2bsC6KLZ6a9v6zdoDkziBL','Dirty Love','5h9FO7QRZMcrcnSYvihQ01','Mt. Joy','69tiO1fG8VWduDl3ji2qhI','Mt. Joy',NULL);
INSERT INTO play VALUES(86,'2023-03-09T16:18:19.434Z','06nKF46jG8p1zwyP4ziAyG','Pears','4XedVnZRFfk9n7uX601gvb','Pears','18CPEToK1OfjJ5B5vDBDKa','Weston Estate',NULL);
INSERT INTO play VALUES(87,'2023-03-09T16:15:56.672Z','3koAwrM1RO0TGMeQJ3qt9J','$10','7yM5Ngseisc5GlHyaWd0Cp','Prize//Reward','2kMzxA8edU05hvMFU493zJ','Good Morning',NULL);
INSERT INTO play VALUES(88,'2023-03-09T16:14:26.586Z','0lO1yt6M1l1OAs80M3vEfM','King of Everything','05jbNkYoEQdjVDHEHtg1gY','Don''t Forget About Me, Demos','6USv9qhCn6zfxlBQIYJ9qs','Dominic Fike',NULL);
INSERT INTO play VALUES(89,'2023-03-09T05:53:58.054Z','2tTmW7RDtMQtBk7m2rYeSw','Quevedo: Bzrp Music Sessions, Vol. 52','4PNqWiJAfjj32hVvlchV5u','Quevedo: Bzrp Music Sessions, Vol. 52','716NhGYqD1jl2wI1Qkgq36','Bizarrap',NULL);
INSERT INTO play VALUES(90,'2023-03-09T05:53:18.132Z','7hmebsI3sCMzANWFcNiCMh','Discoteca','7r6a9NnWydms4uIjf9bH5C','Discoteca','0b2GL7Y02vu50qieoQmw1w','IAmChino',NULL);
INSERT INTO play VALUES(91,'2023-03-09T05:46:36.048Z','0Njbfdqov90zIfAXZl7hIf','HUSH','6zvckLWDs3GtRAll4b0Cvl','Fallen Angel','25jJ6vyXwTRa0e6XCcdR6U','Ari Abdul',NULL);
INSERT INTO play VALUES(92,'2023-03-09T05:42:04.858Z','0OfyukXnVEUlPYCisGPda5','Garden On The Kitchen Floor','3W527nPkx45Y4Bk49kbS2x','Garden On The Kitchen Floor','41dCbpok7A4uyNqbo3VVZ0','Tors',NULL);
INSERT INTO play VALUES(93,'2023-03-09T05:38:32.116Z','7733GPKciBMwOYBGVgCK7f','lonely','777BczFgNRT1OpiJ2iQEQW','new low','2I31z7Tf5sQYjLBaK45Mlk','nightlife',NULL);
INSERT INTO play VALUES(94,'2023-03-09T05:34:56.052Z','2IgQIHi4kab7w49IbYQNo7','Riptide','6M3ri7K9z1ymNIb8raIV9Z','Catch Me on a Wave','0gyHBKsQirO8hKG97MgDgV','Jacob Steele',NULL);
INSERT INTO play VALUES(95,'2023-03-09T05:31:39.826Z','0o4z9a1hPLutLeNY68wdgg','Video Game','3ebINvMV9ZlwSwFNvK3vTJ','Video Game','1yzsj3y6dbpXYqk3DPPl63','ICELANDIA',NULL);
INSERT INTO play VALUES(96,'2023-03-09T05:27:03.252Z','5Z2MiIZ5I3jJvvmeWMLbOQ','Escapism.','3omkMn8vbTKOebb9ABbqyb','Escapism. / The Thrill Is Gone.','5KKpBU5eC2tJDzf0wmlRp2','RAYE',NULL);
INSERT INTO play VALUES(97,'2023-03-09T05:20:42.913Z','7FLeEtkIM3ptfwLjF8HMz8','BULLETS','25KP5rdvSlUzdZixsNBVva','SOMEWHERE IN NOWHERELAND','2CXVeT982HeechgvKI3f2v','Devon',NULL);
INSERT INTO play VALUES(98,'2023-03-09T05:08:25.389Z','4YD8j84oe9UzTuklwTzz4R','i cannot save you','6datNfWPAAbyGAap5GG5zq','i cannot save you','6K1Arugub6xpjLfkJfgCZL','Hinshi','spotify:playlist:6Ir1pJzdIiCEmBMKJajWQQ');
INSERT INTO play VALUES(99,'2023-03-09T05:07:23.497Z','0oTGWu0AVRjs5RXh1LQWW5','Mariana','76VaiS31Je9qRTRN7zRWav','Mariana','5N5jf98OOEf3uAIJpi1deD','The Royston Club','spotify:playlist:6Ir1pJzdIiCEmBMKJajWQQ');
INSERT INTO play VALUES(100,'2023-03-09T05:03:29.117Z','36WabQN781ejYiSWKQAzDD','my fault','2ha2R9dZOJ6B0aYnNanUwQ','crush (demos)','502gYHkFCtLzBIcU4ctPLd','Zeph','spotify:playlist:6Ir1pJzdIiCEmBMKJajWQQ');
INSERT INTO play VALUES(101,'2023-03-09T05:02:27.737Z','3xLU29XDzxUllbDjLumKf7','10x Stronger','1BubKJqf6Uc4fNae5kLJJ7','What Could Possibly Go Wrong','6USv9qhCn6zfxlBQIYJ9qs','Dominic Fike','spotify:playlist:6Ir1pJzdIiCEmBMKJajWQQ');
INSERT INTO play VALUES(102,'2023-03-09T05:01:11.344Z','4YD8j84oe9UzTuklwTzz4R','i cannot save you','6datNfWPAAbyGAap5GG5zq','i cannot save you','6K1Arugub6xpjLfkJfgCZL','Hinshi','spotify:playlist:6Ir1pJzdIiCEmBMKJajWQQ');
INSERT INTO play VALUES(103,'2023-03-09T05:00:09.339Z','7mzPAftljnsFmU6131Pqcd','Tripping Over Air','6ZJonF00gkXNSTSI2PwyrC','Tripping Over Air','4XQI4hyuy5xun1ou3SM8Oe','Aidan Bissett','spotify:playlist:6Ir1pJzdIiCEmBMKJajWQQ');
INSERT INTO play VALUES(104,'2023-03-09T04:57:10.672Z','0jAThma0aTSxfZIN268GJh','Bender','66ED3RPjaYpk9YqYoO9Ey8','Bender','191tnItkCke3YcHpUxDOD9','MyKey','spotify:playlist:6Ir1pJzdIiCEmBMKJajWQQ');
INSERT INTO play VALUES(105,'2023-03-09T04:54:03.147Z','6uc6et9rL6dHhdnLc5LsFP','Did I Make You Up?','4mdZ4AxMYHZk3qE5jBmlzM','Conditions Of A Punk','7sOR7gk6XUlGnxj3p9F54k','half•alive','spotify:playlist:6Ir1pJzdIiCEmBMKJajWQQ');
INSERT INTO play VALUES(106,'2023-03-09T04:51:31.791Z','6wVgp48zEWftYjf6R5fXFt','Dividends','4hMKcJUFZ4FbMGiJ1L5N1L','Dividends','2TviQllPVEQ7E68Yr4uPKR','DWLLRS','spotify:playlist:6Ir1pJzdIiCEmBMKJajWQQ');
INSERT INTO play VALUES(107,'2023-03-09T04:43:11.383Z','3xLU29XDzxUllbDjLumKf7','10x Stronger','1BubKJqf6Uc4fNae5kLJJ7','What Could Possibly Go Wrong','6USv9qhCn6zfxlBQIYJ9qs','Dominic Fike','spotify:playlist:6Ir1pJzdIiCEmBMKJajWQQ');
INSERT INTO play VALUES(108,'2023-03-09T04:41:47.759Z','2sOOXgEGB7nhKO8mmc1GhI','Dominic’s Interlude','68enXe5XcJdciSDAZr0Alr','Manic','26VFTg2z8YR0cCuwLzESi2','Halsey','spotify:playlist:6Ir1pJzdIiCEmBMKJajWQQ');
INSERT INTO play VALUES(109,'2023-03-09T03:39:33.784Z','1bKS3bkIgZueEattZXKQTS','s.f.w.i.s.','1nLliOkHseMxsc47oyAHDJ','letting go of holding back','63VNGVLbUJlPCUpnAFU9LL','kees.','spotify:playlist:6Ir1pJzdIiCEmBMKJajWQQ');
INSERT INTO play VALUES(110,'2023-03-09T20:38:28.440Z','2QY8fvsw7ANHp2J7BzgD8J','Falling Apart X I Wanted to Leave','12EdwhXy06N7coO7ZKqEdO','Falling Apart X I Wanted to Leave','0ohCDowh0UVXpybpH34WQe','noel.smt','spotify:playlist:62zFYtP12Fm5g3OFqJ4bSc');
INSERT INTO play VALUES(111,'2023-03-09T20:36:54.945Z','4jSuthawb7fitf3Wx3MqVM','That Home','5VrMypyjjBGzObGwnEHIJO','Ma Fleur','32ogthv0BdaSMPml02X9YB','The Cinematic Orchestra','spotify:playlist:62zFYtP12Fm5g3OFqJ4bSc');
INSERT INTO play VALUES(112,'2023-03-09T20:35:01.556Z','3Yf61qBDL0y5pVSGANYifS','weight','1FAYVQdbkenE6cVtunUI5u','weight','4YFBzXjMSL5zHMlUDyocli','james king','spotify:playlist:62zFYtP12Fm5g3OFqJ4bSc');
INSERT INTO play VALUES(113,'2023-03-09T20:33:41.232Z','2kU3tL5BVXkFLefXLy8pBi','snowfall (Sped Up)','5zcMc4yNr5oWoF67bNpX6g','snowfall (Sped Up)','0dgJbQ0bKPyUXco8hEXN7X','Øneheart','spotify:playlist:62zFYtP12Fm5g3OFqJ4bSc');
INSERT INTO play VALUES(114,'2023-03-09T17:45:16.733Z','34h9Wr114K0EjlFsjITrMW','What If I Still Miss You?','2UPFK2Xdq6ZyDUVLj3aEc5','What If I Still Miss You?','1f2q4venkA2pATVTmWhS6Z','Lily Williams','spotify:playlist:3SO2GOMGiifJWOeNiLQgKs');
INSERT INTO play VALUES(115,'2023-03-09T16:44:18.590Z','1wJWwgCNRoPnp5nelPCy6W','Bad Choice My Boy','10dztCLuuvkNaQlOgWxbZz','Just To Be Ironic','7FvQR6QFfXmW18dyMqnHvv','Tommy Newport',NULL);
INSERT INTO play VALUES(116,'2023-03-09T16:42:26.131Z','2ruVNhIUh7AUYUhbAvzLoB','Airport','1jU9A4NHI3xVySNckr0HDn','Hunny','34qyuX5yO72yzL8Z4JclBc','Nate Traveller',NULL);
INSERT INTO play VALUES(117,'2023-03-09T16:39:50.738Z','3X7v1y9g6psZQjZZwtZkm4','Listerine','7GYzQIMfdDWo2XC4BDLHPk','Fuzzybrain','6eJa3zG1QZLRB3xgRuyxbm','Dayglow',NULL);
INSERT INTO play VALUES(118,'2023-03-09T16:36:14.427Z','7412fpVfB2PSSb1nENQczC','Sheep','5a09nRt0ZS75T2PpjP1W0c','Sheep','69tiO1fG8VWduDl3ji2qhI','Mt. Joy',NULL);
INSERT INTO play VALUES(119,'2023-03-09T16:32:38.391Z','0UYuRLB2wbG7X19Hd5DeQ2','Any Way You Want Me','7bNubmdfctkLp7ltJE0pLy','The Family','1Bl6wpkWCQ4KVgnASpvzzA','BROCKHAMPTON',NULL);
INSERT INTO play VALUES(120,'2023-03-09T16:31:07.205Z','3vQYcH9krDAkYqPJILas3J','Imaginationcy','7m9rnbf4zM8BuHE3Llmyj0','Imaginationcy','7o96HO2zrujyATtVsqGhh3','Goth Babe',NULL);
INSERT INTO play VALUES(121,'2023-03-09T16:27:38.179Z','32h65LacMUd5hTol2JgQOU','Ruby Fields','2TlvgNvgxFbdF6e6GO7lPt','So You''re Mad About the Cups','1vnh2cDW2CgA5M1ya95mZG','Sarah and the Sundays',NULL);
INSERT INTO play VALUES(122,'2023-03-09T16:24:30.343Z','0iRStxrY5NmQYzuSYnuoGg','You','1ubh8g3vXgxNP5RGfSlO6d','Alone','34qyuX5yO72yzL8Z4JclBc','Nate Traveller',NULL);
INSERT INTO play VALUES(123,'2023-03-09T16:22:20.830Z','3xLU29XDzxUllbDjLumKf7','10x Stronger','1BubKJqf6Uc4fNae5kLJJ7','What Could Possibly Go Wrong','6USv9qhCn6zfxlBQIYJ9qs','Dominic Fike',NULL);
INSERT INTO play VALUES(124,'2023-03-09T16:21:04.534Z','2bsC6KLZ6a9v6zdoDkziBL','Dirty Love','5h9FO7QRZMcrcnSYvihQ01','Mt. Joy','69tiO1fG8VWduDl3ji2qhI','Mt. Joy',NULL);
INSERT INTO play VALUES(125,'2023-03-09T16:18:19.434Z','06nKF46jG8p1zwyP4ziAyG','Pears','4XedVnZRFfk9n7uX601gvb','Pears','18CPEToK1OfjJ5B5vDBDKa','Weston Estate',NULL);
INSERT INTO play VALUES(126,'2023-03-09T16:15:56.672Z','3koAwrM1RO0TGMeQJ3qt9J','$10','7yM5Ngseisc5GlHyaWd0Cp','Prize//Reward','2kMzxA8edU05hvMFU493zJ','Good Morning',NULL);
INSERT INTO play VALUES(127,'2023-03-09T16:14:26.586Z','0lO1yt6M1l1OAs80M3vEfM','King of Everything','05jbNkYoEQdjVDHEHtg1gY','Don''t Forget About Me, Demos','6USv9qhCn6zfxlBQIYJ9qs','Dominic Fike',NULL);
INSERT INTO play VALUES(128,'2023-03-09T05:53:58.054Z','2tTmW7RDtMQtBk7m2rYeSw','Quevedo: Bzrp Music Sessions, Vol. 52','4PNqWiJAfjj32hVvlchV5u','Quevedo: Bzrp Music Sessions, Vol. 52','716NhGYqD1jl2wI1Qkgq36','Bizarrap',NULL);
INSERT INTO play VALUES(129,'2023-03-09T05:53:18.132Z','7hmebsI3sCMzANWFcNiCMh','Discoteca','7r6a9NnWydms4uIjf9bH5C','Discoteca','0b2GL7Y02vu50qieoQmw1w','IAmChino',NULL);
INSERT INTO play VALUES(130,'2023-03-09T05:46:36.048Z','0Njbfdqov90zIfAXZl7hIf','HUSH','6zvckLWDs3GtRAll4b0Cvl','Fallen Angel','25jJ6vyXwTRa0e6XCcdR6U','Ari Abdul',NULL);
INSERT INTO play VALUES(131,'2023-03-09T05:42:04.858Z','0OfyukXnVEUlPYCisGPda5','Garden On The Kitchen Floor','3W527nPkx45Y4Bk49kbS2x','Garden On The Kitchen Floor','41dCbpok7A4uyNqbo3VVZ0','Tors',NULL);
INSERT INTO play VALUES(132,'2023-03-09T05:38:32.116Z','7733GPKciBMwOYBGVgCK7f','lonely','777BczFgNRT1OpiJ2iQEQW','new low','2I31z7Tf5sQYjLBaK45Mlk','nightlife',NULL);
INSERT INTO play VALUES(133,'2023-03-09T05:34:56.052Z','2IgQIHi4kab7w49IbYQNo7','Riptide','6M3ri7K9z1ymNIb8raIV9Z','Catch Me on a Wave','0gyHBKsQirO8hKG97MgDgV','Jacob Steele',NULL);
INSERT INTO play VALUES(134,'2023-03-09T05:31:39.826Z','0o4z9a1hPLutLeNY68wdgg','Video Game','3ebINvMV9ZlwSwFNvK3vTJ','Video Game','1yzsj3y6dbpXYqk3DPPl63','ICELANDIA',NULL);
INSERT INTO play VALUES(135,'2023-03-09T05:27:03.252Z','5Z2MiIZ5I3jJvvmeWMLbOQ','Escapism.','3omkMn8vbTKOebb9ABbqyb','Escapism. / The Thrill Is Gone.','5KKpBU5eC2tJDzf0wmlRp2','RAYE',NULL);
INSERT INTO play VALUES(136,'2023-03-09T05:20:42.913Z','7FLeEtkIM3ptfwLjF8HMz8','BULLETS','25KP5rdvSlUzdZixsNBVva','SOMEWHERE IN NOWHERELAND','2CXVeT982HeechgvKI3f2v','Devon',NULL);
INSERT INTO play VALUES(137,'2023-03-09T05:08:25.389Z','4YD8j84oe9UzTuklwTzz4R','i cannot save you','6datNfWPAAbyGAap5GG5zq','i cannot save you','6K1Arugub6xpjLfkJfgCZL','Hinshi','spotify:playlist:6Ir1pJzdIiCEmBMKJajWQQ');
INSERT INTO play VALUES(138,'2023-03-09T05:07:23.497Z','0oTGWu0AVRjs5RXh1LQWW5','Mariana','76VaiS31Je9qRTRN7zRWav','Mariana','5N5jf98OOEf3uAIJpi1deD','The Royston Club','spotify:playlist:6Ir1pJzdIiCEmBMKJajWQQ');
INSERT INTO play VALUES(139,'2023-03-09T05:03:29.117Z','36WabQN781ejYiSWKQAzDD','my fault','2ha2R9dZOJ6B0aYnNanUwQ','crush (demos)','502gYHkFCtLzBIcU4ctPLd','Zeph','spotify:playlist:6Ir1pJzdIiCEmBMKJajWQQ');
INSERT INTO play VALUES(140,'2023-03-09T05:02:27.737Z','3xLU29XDzxUllbDjLumKf7','10x Stronger','1BubKJqf6Uc4fNae5kLJJ7','What Could Possibly Go Wrong','6USv9qhCn6zfxlBQIYJ9qs','Dominic Fike','spotify:playlist:6Ir1pJzdIiCEmBMKJajWQQ');
INSERT INTO play VALUES(141,'2023-03-09T05:01:11.344Z','4YD8j84oe9UzTuklwTzz4R','i cannot save you','6datNfWPAAbyGAap5GG5zq','i cannot save you','6K1Arugub6xpjLfkJfgCZL','Hinshi','spotify:playlist:6Ir1pJzdIiCEmBMKJajWQQ');
INSERT INTO play VALUES(142,'2023-03-09T05:00:09.339Z','7mzPAftljnsFmU6131Pqcd','Tripping Over Air','6ZJonF00gkXNSTSI2PwyrC','Tripping Over Air','4XQI4hyuy5xun1ou3SM8Oe','Aidan Bissett','spotify:playlist:6Ir1pJzdIiCEmBMKJajWQQ');
INSERT INTO play VALUES(143,'2023-03-09T04:57:10.672Z','0jAThma0aTSxfZIN268GJh','Bender','66ED3RPjaYpk9YqYoO9Ey8','Bender','191tnItkCke3YcHpUxDOD9','MyKey','spotify:playlist:6Ir1pJzdIiCEmBMKJajWQQ');
INSERT INTO play VALUES(144,'2023-03-09T04:54:03.147Z','6uc6et9rL6dHhdnLc5LsFP','Did I Make You Up?','4mdZ4AxMYHZk3qE5jBmlzM','Conditions Of A Punk','7sOR7gk6XUlGnxj3p9F54k','half•alive','spotify:playlist:6Ir1pJzdIiCEmBMKJajWQQ');
INSERT INTO play VALUES(145,'2023-03-09T04:51:31.791Z','6wVgp48zEWftYjf6R5fXFt','Dividends','4hMKcJUFZ4FbMGiJ1L5N1L','Dividends','2TviQllPVEQ7E68Yr4uPKR','DWLLRS','spotify:playlist:6Ir1pJzdIiCEmBMKJajWQQ');
INSERT INTO play VALUES(146,'2023-03-09T04:43:11.383Z','3xLU29XDzxUllbDjLumKf7','10x Stronger','1BubKJqf6Uc4fNae5kLJJ7','What Could Possibly Go Wrong','6USv9qhCn6zfxlBQIYJ9qs','Dominic Fike','spotify:playlist:6Ir1pJzdIiCEmBMKJajWQQ');
INSERT INTO play VALUES(147,'2023-03-09T04:41:47.759Z','2sOOXgEGB7nhKO8mmc1GhI','Dominic’s Interlude','68enXe5XcJdciSDAZr0Alr','Manic','26VFTg2z8YR0cCuwLzESi2','Halsey','spotify:playlist:6Ir1pJzdIiCEmBMKJajWQQ');
INSERT INTO play VALUES(148,'2023-03-09T03:39:33.784Z','1bKS3bkIgZueEattZXKQTS','s.f.w.i.s.','1nLliOkHseMxsc47oyAHDJ','letting go of holding back','63VNGVLbUJlPCUpnAFU9LL','kees.','spotify:playlist:6Ir1pJzdIiCEmBMKJajWQQ');
INSERT INTO play VALUES(149,'2023-03-08T23:48:05.335Z','6iofGrOUEOT0uaAMz17a27','August','5AzPpusxP7djj8t5L2dLty','August','09T7VuMMHnOSMGjOv1nCSX','Vanisa Khamkhosy','spotify:playlist:6Ir1pJzdIiCEmBMKJajWQQ');
INSERT INTO play VALUES(150,'2023-03-08T23:45:19.236Z','34uXlhi3eN9jpO95CgeV0o','Kill the Sun','4wOpcPLdWnzhU28kubGRXC','Family Ghost','70fUpxdAr6t0LJw3xJmMhm','Motherfolk','spotify:playlist:6Ir1pJzdIiCEmBMKJajWQQ');
INSERT INTO play VALUES(151,'2023-03-08T23:41:49.945Z','0SGeEJ5gbYEZQMj3kFUzwR','Gothic Babe Tendencies (feat. blackbear)','1U0HbPRySU5K84eLnfIaTd','Good Thing We Stayed','5yvGiZLSWJTPBlZpVbPnEZ','Julia Wolf','spotify:playlist:6Ir1pJzdIiCEmBMKJajWQQ');
INSERT INTO play VALUES(152,'2023-03-08T23:36:45.934Z','7eP9kTIDDkOkv9sqJEZyUT','WISH I HAD YOU','6SW7IIrlj6LoWxDPinGeQp','4TH WALL','5xkAtLTf309LAGZTbvULBn','Ruel','spotify:playlist:6Ir1pJzdIiCEmBMKJajWQQ');
INSERT INTO play VALUES(153,'2023-03-08T23:33:14.051Z','0HXiFFhg287d15ssjFaRZp','Get By','0QnWm07An8WyO3eupjBDoP','If This Isn’t Nice, I Don’t Know What Is','4iMO20EPodreIaEl8qW66y','Still Woozy','spotify:playlist:6Ir1pJzdIiCEmBMKJajWQQ');
INSERT INTO play VALUES(154,'2023-03-08T23:30:46.765Z','3lXEoPxZMDiMNeE4ea5nct','Where Do You Go','4MG8Z8BcUsNQFgJjMxzTWN','drowning','2yLzlEFtIS0Q9UkyBZdQA7','Jessie Murph','spotify:playlist:6Ir1pJzdIiCEmBMKJajWQQ');
INSERT INTO play VALUES(155,'2023-03-08T23:27:44.165Z','0HXiFFhg287d15ssjFaRZp','Get By','0QnWm07An8WyO3eupjBDoP','If This Isn’t Nice, I Don’t Know What Is','4iMO20EPodreIaEl8qW66y','Still Woozy','spotify:playlist:6Ir1pJzdIiCEmBMKJajWQQ');
INSERT INTO play VALUES(156,'2023-03-08T23:21:59.836Z','0VpSpAYEc2DlNSmnxGyg6F','Los Santos','4yJE1Z4qZcF4gHgIOixcyh','Los Santos','6wW4D3fGgRABc3cAotb0RS','Current Blue','spotify:playlist:6Ir1pJzdIiCEmBMKJajWQQ');
INSERT INTO play VALUES(157,'2023-03-08T23:19:41.675Z','1SfP1Z4kAi13YqQQbZ3g5k','Deep End','7LHDsa9C6lKPdhQoJtdCoH','Deep End','5JKePhHHAtaMvBoWuULgm6','Bennett Coast','spotify:playlist:6Ir1pJzdIiCEmBMKJajWQQ');
INSERT INTO play VALUES(158,'2023-03-08T23:16:36.137Z','0lO1yt6M1l1OAs80M3vEfM','King of Everything','05jbNkYoEQdjVDHEHtg1gY','Don''t Forget About Me, Demos','6USv9qhCn6zfxlBQIYJ9qs','Dominic Fike','spotify:playlist:6Ir1pJzdIiCEmBMKJajWQQ');
INSERT INTO play VALUES(159,'2023-03-08T23:13:21.264Z','740fSe2KremXUF2V6e4KnG','Don''t Hate Me','5onmM2jMU1bod6ybbehqAq','Don’t Hate Me','67FB4n52MgexGQIG8s0yUH','Lola Young','spotify:playlist:6Ir1pJzdIiCEmBMKJajWQQ');
INSERT INTO play VALUES(160,'2023-03-09T20:49:48.331Z','2NQPp4MGG38qfnBIE8AD0i','to build a home (slowed + reverb)','0Qab5dU5hO17pcJdHirNlM','to build a home (slowed + reverb)','6U65hm7m0hVAVGV0SXNFMw','ghostly echoes','spotify:playlist:62zFYtP12Fm5g3OFqJ4bSc');
INSERT INTO play VALUES(161,'2023-03-09T20:44:25.672Z','06Muk6IyarouV5CXeQ2yBN','Interstellar on Piano','3Bb2nwKln7t7jzDoUzvIMY','Interstellar on Piano','58lQAzmAxDD6di02MvAWkv','Andy Morris','spotify:playlist:62zFYtP12Fm5g3OFqJ4bSc');
INSERT INTO play VALUES(162,'2023-03-09T20:42:06.134Z','5mNxeXWzSicgZ1nCtF1B02','Fire','7dopFnnInju2yjJe127paH','Transitions','0jrFMgW018F1XVnLtCXOKi','Fabrizio Paterlini','spotify:playlist:62zFYtP12Fm5g3OFqJ4bSc');
INSERT INTO play VALUES(163,'2023-03-09T20:40:43.331Z','7nNwFai7AvX0B2bDeihlMv','Pluto Projector','69oZot6vSZnvMHFjAcM4iq','Pluto Projector','1LuKnVi3ApvvTNmaRCeMbQ','remyboi','spotify:playlist:62zFYtP12Fm5g3OFqJ4bSc');
INSERT INTO play VALUES(164,'2023-03-09T20:39:31.235Z','4YD8j84oe9UzTuklwTzz4R','i cannot save you','6datNfWPAAbyGAap5GG5zq','i cannot save you','6K1Arugub6xpjLfkJfgCZL','Hinshi','spotify:playlist:62zFYtP12Fm5g3OFqJ4bSc');
INSERT INTO play VALUES(165,'2023-03-09T21:06:24.032Z','2oPbfMcJUWpvanDtfz7RWx','rosyln (slowed + reverb)','0kx40eim38UnNmJcZ3hxpw','rosyln (slowed + reverb)','2uSVRVjYZ0PlJPdFHnBETu','creamy','spotify:playlist:62zFYtP12Fm5g3OFqJ4bSc');
INSERT INTO play VALUES(166,'2023-03-09T21:02:51.208Z','7gCMZGYUvujTe4OF64uvN3','Where''s My Love - Slowed','7dwAeKkbpzA4ELMDiacfcR','Where''s My Love (Slowed)','6AyATGg7mDgBlZ4N5uNog0','SYML','spotify:playlist:62zFYtP12Fm5g3OFqJ4bSc');
INSERT INTO play VALUES(167,'2023-03-09T20:58:01.220Z','7ggnbOaIL5u5unRbcL31ke','where is my mind (piano version)','2IHFb3lm4YTVT9NKQlvDPO','where is my mind (piano version)','3tHyDbXJjbWtjlTvvvQsEs','your movie soundtrack','spotify:playlist:62zFYtP12Fm5g3OFqJ4bSc');
INSERT INTO play VALUES(168,'2023-03-09T20:55:24.678Z','4xF4ZBGPZKxECeDFrqSAG4','snowfall','4NRsGHlWBTl4rdLcq8CKcH','snowfall','0dgJbQ0bKPyUXco8hEXN7X','Øneheart','spotify:playlist:62zFYtP12Fm5g3OFqJ4bSc');
INSERT INTO play VALUES(169,'2023-03-09T20:53:20.124Z','0yfMign5fsLtw5I4pK73ge','Solas','2XZXXXuThQ8JwPjoTcGIkF','Solas','5nWYvcpaqKtp08cYxjOfFr','Gibran Alcocer','spotify:playlist:62zFYtP12Fm5g3OFqJ4bSc');
INSERT INTO play VALUES(170,'2023-03-09T20:50:53.635Z','0aGA1zFV0ER1xLiJmHxb2s','Adieux','2D7n3im1n6of8bdRPHK0TR','You And The Night','63MQldklfxkjYDoUE4Tppz','M83','spotify:playlist:62zFYtP12Fm5g3OFqJ4bSc');
INSERT INTO play VALUES(171,'2023-03-09T21:08:12.768Z','0gUh6WRbifM4HQ4q8nhsrw','Lost Song','61qZNYEcs1dWh2a1CljBRZ','Transitions III','0jrFMgW018F1XVnLtCXOKi','Fabrizio Paterlini','spotify:playlist:62zFYtP12Fm5g3OFqJ4bSc');
CREATE TABLE track (
  track_id         text primary key,
  name             text,
  duration_ms      int,
  popularity       int,
  album_id         text,
  track_number     int,
  disc_number      int,
  valance          float,
  tempo            float,
  danceability     float,
  energy           float,
  instrumentalness float,
  speechiness      float,
  time_signature   int,
  acousticness     float,
  loadness         float,
  liveness         float,
  foreign key (album_id) references album (album_id)
);
INSERT INTO track VALUES('4YD8j84oe9UzTuklwTzz4R','i cannot save you',62286,41,'6datNfWPAAbyGAap5GG5zq',1,1,0.36899999999999999467,125.19000000000000127,0.37599999999999997868,0.06819999999999999396,0.75700000000000002842,0.041600000000000001421,4,0.91099999999999994315,-17.728999999999999204,0.079899999999999993249);
INSERT INTO track VALUES('0oTGWu0AVRjs5RXh1LQWW5','Mariana',190040,43,'76VaiS31Je9qRTRN7zRWav',1,1,0.60899999999999998578,170.0730000000000075,0.49500000000000001776,0.81499999999999985789,4.4499999999999992894e-05,0.05080000000000000071,4,0.0011400000000000001243,-4.9599999999999999644,0.15);
INSERT INTO track VALUES('3l86L9DISKfqMWo55UvUSm','Vampire',122935,30,'4fu4zWWt1p2nfi8ZJVTJjd',1,1,0.32299999999999999822,124.9339999999999895,0.62999999999999998223,0.40600000000000004973,0.079699999999999988631,0.062699999999999995736,4,0.87599999999999997868,-10.984000000000000341,0.23499999999999996447);
INSERT INTO track VALUES('0VpSpAYEc2DlNSmnxGyg6F','Los Santos',137647,53,'4yJE1Z4qZcF4gHgIOixcyh',1,1,0.69299999999999997157,84.974000000000007304,0.79600000000000008526,0.46299999999999998934,0.0,0.045899999999999998578,4,0.45600000000000004973,-7.3440000000000003055,0.35400000000000000355);
INSERT INTO track VALUES('7g2ZfScI3hUoHAdpVO0P4Z','how the hell did we end up here?',85714,45,'5qNyLZnMwnZBv7NFXmChtV',1,1,0.64299999999999997157,140.05099999999998772,0.70399999999999991473,0.61200000000000001065,6.8000000000000007105e-06,0.042299999999999995381,4,0.79600000000000008526,-9.6859999999999999431,0.16000000000000000888);
INSERT INTO track VALUES('1MQLdI6RONvfjEz4K6ZRXp','War',158363,59,'5LjSnB8XhGUTQ47WAzdXJb',1,1,0.19500000000000001776,110.00400000000001288,0.60299999999999993605,0.34100000000000001421,0.099600000000000008526,0.033599999999999994315,4,0.69299999999999997157,-11.382999999999998674,0.10100000000000000088);
INSERT INTO track VALUES('0lO1yt6M1l1OAs80M3vEfM','King of Everything',194360,52,'05jbNkYoEQdjVDHEHtg1gY',6,1,0.57099999999999990762,167.06399999999998584,0.63600000000000003197,0.47400000000000002131,0.061299999999999998934,0.077000000000000001776,4,0.78399999999999998578,-8.0960000000000000852,0.11300000000000001154);
INSERT INTO track VALUES('6xniBg7UJ03jcyvOgfWVJk','FELT',105045,56,'3hzt5mEdhd9YF81TGH1pOx',2,1,0.62000000000000001776,105.03700000000000258,0.57299999999999995381,0.5590000000000000746,3.0200000000000000177e-06,0.39700000000000002842,4,0.73499999999999996447,-8.3650000000000002131,0.125);
INSERT INTO track VALUES('6UuUbGvNaGsNjCYOuyw18Y','Above the Salt',226690,48,'7tHZf9HwjVlQjQ7JkAXWNE',1,1,0.25099999999999997868,141.96199999999999263,0.60099999999999997868,0.53800000000000007815,0.00014100000000000001421,0.036099999999999998756,4,0.36699999999999999289,-9.5489999999999994884,0.10200000000000000177);
INSERT INTO track VALUES('1SfP1Z4kAi13YqQQbZ3g5k','Deep End',185024,44,'7LHDsa9C6lKPdhQoJtdCoH',1,1,0.22900000000000000355,147.93499999999999872,0.56000000000000005329,0.3830000000000000071,2.2800000000000002486e-05,0.035400000000000000355,4,0.57899999999999991473,-11.030999999999999694,0.1330000000000000071);
INSERT INTO track VALUES('6bsjNDCZQ1TwHI37AtAQ7K','you',70684,49,'2ha2R9dZOJ6B0aYnNanUwQ',1,1,0.23200000000000002842,72.347999999999998976,0.27300000000000004263,0.53100000000000004973,0.0,0.034500000000000001776,4,0.51400000000000005684,-8.9499999999999992894,0.32900000000000000355);
INSERT INTO track VALUES('1q2o5p3RJuMoeVWUszKDgH','Summer 2019',139876,54,'5dTd90vjm7gvka1Jy3lB3q',1,1,0.29199999999999999289,95.053000000000000824,0.5819999999999999396,0.48599999999999994315,3.9599999999999994315e-05,0.031099999999999998756,4,0.58699999999999992184,-8.7710000000000007958,0.11600000000000001421);
INSERT INTO track VALUES('4BoWM5jPzcJQTOehHM6rd4','Say Less',96653,64,'1UlArx9Z3TTgNGwOQ2yubC',2,1,0.18199999999999999289,128.12000000000001165,0.62300000000000004263,0.38900000000000002131,1.8799999999999998934e-06,0.037599999999999997868,4,0.5819999999999999396,-9.3170000000000001705,0.19);
INSERT INTO track VALUES('3dlUwUhiRK1R2ywHXf92Ol','it''s over',77196,47,'5W24xtDFpcakd6JTepCNfT',1,1,0.40400000000000000355,104.03400000000000424,0.80500000000000007105,0.32000000000000001776,2.1699999999999999289e-06,0.049000000000000003552,4,0.87899999999999991473,-10.181999999999999939,0.36299999999999998934);
INSERT INTO track VALUES('740fSe2KremXUF2V6e4KnG','Don''t Hate Me',162156,68,'5onmM2jMU1bod6ybbehqAq',1,1,0.34499999999999997335,192.18199999999999505,0.59599999999999999644,0.68100000000000004973,0.034799999999999995381,0.10400000000000000355,4,0.00017599999999999997868,-5.5599999999999996092,0.11200000000000001065);
INSERT INTO track VALUES('36WabQN781ejYiSWKQAzDD','my fault',60869,61,'2ha2R9dZOJ6B0aYnNanUwQ',6,1,0.49299999999999997157,137.83799999999999386,0.59199999999999999289,0.32099999999999999644,0.0,0.038200000000000002842,4,0.90400000000000009237,-14.251000000000000333,0.14299999999999998934);
INSERT INTO track VALUES('2sOOXgEGB7nhKO8mmc1GhI','Dominic’s Interlude',76480,50,'68enXe5XcJdciSDAZr0Alr',6,1,0.7069999999999999396,157.8849999999999909,0.40600000000000004973,0.36799999999999997157,0.0,0.029600000000000004973,4,0.78399999999999998578,-6.3099999999999996092,0.35400000000000000355);
INSERT INTO track VALUES('2W6JJNZqmvjmesCEdGlhPZ','the grass wasn’t greener',105581,53,'33ABHEFBrhVxKwimVhBZ6B',1,1,0.78600000000000003197,114.18899999999998495,0.68000000000000007105,0.62400000000000002131,0.00032000000000000001776,0.27600000000000002309,4,0.7330000000000000071,-12.455000000000000515,0.70999999999999996447);
INSERT INTO track VALUES('6FkfLkSw8ZfitnAnqVglqr','world',62769,47,'2ha2R9dZOJ6B0aYnNanUwQ',5,1,0.42299999999999995381,129.95900000000000318,0.79700000000000006394,0.43399999999999998578,0.037700000000000000177,0.16000000000000000888,4,0.36299999999999998934,-16.658999999999998919,0.19500000000000001776);
INSERT INTO track VALUES('7yswZLCCf3jY67vhBO03oJ','It Could Be Worse',93833,61,'5tUM4uP2IVeOa5Lh4F0FzS',4,1,0.11200000000000001065,99.085999999999998522,0.48499999999999996447,0.23499999999999996447,0.00075900000000000016342,0.095700000000000002842,5,0.45200000000000004618,-14.28500000000000103,0.36600000000000001421);
INSERT INTO track VALUES('38loOBAgDgCW4pFWyH9cey','Six Speed',120000,53,'2DkQzt5cmb3Jy8ZQH4tBo9',1,1,0.52300000000000004263,37.399000000000000021,0.50999999999999996447,0.32700000000000000177,0.0,0.50400000000000000355,4,0.33500000000000000888,-6.1539999999999999147,0.11899999999999999467);
INSERT INTO track VALUES('1LdGcv246dZ321xFTrNUIe','Skin',194000,56,'3zZi1vy6CnNZX7lbcRJtXo',3,1,0.80400000000000009237,124.20900000000001384,0.39400000000000003907,0.81100000000000012079,0.0020100000000000002309,0.029100000000000001421,4,0.029399999999999998578,-4.3060000000000000497,0.17000000000000001776);
INSERT INTO track VALUES('1TDdYSYLIXMJ4EiKO6ZCYk','Mission to Mars',154213,59,'7vXiklrUeffx5o2F8VYwm3',2,1,0.4330000000000000071,160.07199999999999207,0.69099999999999992539,0.48200000000000002842,0.0067099999999999990762,0.20100000000000002309,4,0.62300000000000004263,-10.954000000000001513,0.2080000000000000071);
INSERT INTO track VALUES('45d0O3xhhDPV6fhT6aCu48','Dreamland',203492,47,'0KTj6k94XZh0c6IEMfxeWV',1,1,0.099000000000000003552,141.96999999999999175,0.25300000000000002486,0.35199999999999995736,0.0019100000000000001421,0.035700000000000002842,5,0.8830000000000000071,-11.509000000000000341,0.066799999999999997157);
INSERT INTO track VALUES('4MfLjVBgqn4e8fBKWJk6sU','ocean view',174735,55,'2xOawu4iq9fwcdFNvGBTdl',3,1,0.30299999999999998046,134.00299999999998323,0.73599999999999994315,0.35,0.00027300000000000004263,0.21499999999999999111,4,0.63100000000000004973,-10.423999999999999932,0.40999999999999996447);
INSERT INTO track VALUES('29kixq8kxaIuxN0TAZomaU','I Might Slip Away if I Don''t Feel Nothing',101052,52,'0Jb9gNSi9ZuWoWB8gbsQQ7',4,1,0.63200000000000002842,151.24600000000000932,0.61500000000000003552,0.66000000000000005329,4.5099999999999997868e-06,0.087400000000000019895,4,0.026000000000000000888,-6.3609999999999997655,0.11200000000000001065);
INSERT INTO track VALUES('47D4eGhHQvxoJS4xQv3tf1','PONY',121600,52,'2NDlOOZNBvq6B26feV4gJc',6,1,0.35199999999999995736,150.019000000000009,0.65200000000000004618,0.74000000000000003552,0.36399999999999996802,0.028400000000000002131,4,0.12700000000000000177,-5.8650000000000002131,0.10400000000000000355);
INSERT INTO track VALUES('65sNrvOp2HLlhGTeLJ0nnk','Being so Normal',220066,54,'6xduu32sm4aidoLhaxYkUA',2,1,0.29499999999999996447,148.16200000000002034,0.54100000000000001421,0.5830000000000000071,0.0058300000000000009592,0.050700000000000002842,4,0.67400000000000002131,-8.8859999999999992326,0.125);
INSERT INTO track VALUES('0iRStxrY5NmQYzuSYnuoGg','You',129048,55,'1ubh8g3vXgxNP5RGfSlO6d',2,1,0.19100000000000001421,92.018000000000004234,0.775,0.28799999999999998934,0.003489999999999999769,0.028000000000000003552,4,0.78900000000000005684,-11.473999999999999754,0.11200000000000001065);
INSERT INTO track VALUES('75adejSrOgdhLRTOhUkuX2','Batshit',103066,46,'05jbNkYoEQdjVDHEHtg1gY',2,2,0.42199999999999997513,134.01099999999999123,0.80500000000000007105,0.59399999999999995026,2.5899999999999998578e-06,0.34799999999999995381,4,0.55200000000000004618,-8.6349999999999997868,0.15099999999999999644);
INSERT INTO track VALUES('7vQn8AxjCnao6q9oe7YTG9','Cleaner Air',128129,52,'4Xo5ZlQcMcw3k0WOCbEKmZ',1,1,0.84900000000000002131,77.492000000000000881,0.71699999999999999289,0.79800000000000004263,0.00069400000000000003907,0.03670000000000000373,4,0.87599999999999997868,-5.3929999999999997939,0.084299999999999997157);
INSERT INTO track VALUES('7JdarpX08FLhmfNZpxqgUO','RACECAR',157435,52,'2NDlOOZNBvq6B26feV4gJc',5,1,0.56200000000000009947,117.00299999999999034,0.7080000000000000071,0.72900000000000000355,0.0,0.031099999999999998756,4,0.0675,-7.6180000000000003268,0.16500000000000001776);
INSERT INTO track VALUES('2bsC6KLZ6a9v6zdoDkziBL','Dirty Love',164626,66,'5h9FO7QRZMcrcnSYvihQ01',2,1,0.66100000000000003197,125.08500000000000174,0.77400000000000002131,0.43899999999999996802,0.0012700000000000000177,0.036399999999999996802,4,0.59499999999999992894,-7.6120000000000000994,0.1090000000000000071);
INSERT INTO track VALUES('3xLU29XDzxUllbDjLumKf7','10x Stronger',75585,64,'1BubKJqf6Uc4fNae5kLJJ7',4,1,0.13200000000000000621,100.02100000000000434,0.42000000000000001776,0.39100000000000001421,0.64100000000000001421,0.029100000000000001421,4,0.95499999999999989341,-6.4500000000000001776,0.42599999999999997868);
INSERT INTO track VALUES('6Ed1q0X8oSKSm4IIhiQbYg','Daylight',163905,67,'1jcNHi5D96aaD0T5f1OjFY',1,1,0.72900000000000000355,163.94399999999997419,0.52800000000000002486,0.74900000000000002131,9.5999999999999996447e-05,0.047900000000000000355,4,0.0048799999999999998934,-7.5709999999999997299,0.094900000000000002131);
INSERT INTO track VALUES('1eCdsyHZVqHSi5jhwc4TLs','Madonna',192133,35,'2uNNQws3ix4ZyVxueGd2un',1,1,0.475,104.98300000000000409,0.61799999999999997157,0.76299999999999998934,0.0,0.034700000000000001953,4,0.52900000000000000355,-6.4119999999999999218,0.069500000000000010658);
INSERT INTO track VALUES('5W5CKVhjDDRjd3PX13d3lG','Time Goes By',167181,28,'6YL2WtvA4gLbVU1Plnk5mT',1,1,0.91900000000000012789,134.98799999999999688,0.6840000000000000746,0.68100000000000004973,0.0,0.031099999999999998756,4,0.125,-8.0299999999999993605,0.073099999999999996092);
INSERT INTO track VALUES('1bKS3bkIgZueEattZXKQTS','s.f.w.i.s.',185827,29,'1nLliOkHseMxsc47oyAHDJ',5,1,0.16500000000000001776,154.95300000000000295,0.55300000000000002486,0.26500000000000003552,3.5800000000000005151e-05,0.028699999999999995736,4,0.64599999999999999644,-12.159999999999999698,0.10300000000000000266);
INSERT INTO track VALUES('3j4P8ytkoDpBFePPrXHEbe','Moonboy',132230,52,'2LhpR3TL7xqk8N4wJBTGIN',1,1,0.051900000000000003907,90.00600000000000378,0.50700000000000002842,0.375,0.009809999999999998721,0.025600000000000000532,4,0.85500000000000007105,-10.637000000000000898,0.11000000000000000888);
INSERT INTO track VALUES('2JUvDYr4aKfI1Qg1dIefxZ','Holly',167829,51,'1vUcIP9rKpbAnouzD7UCXW',1,1,0.58499999999999996447,121.00599999999999134,0.61799999999999997157,0.79400000000000003907,0.01330000000000000071,0.028000000000000003552,4,0.0070000000000000008881,-6.1849999999999996092,0.098900000000000005684);
INSERT INTO track VALUES('34uXlhi3eN9jpO95CgeV0o','Kill the Sun',208773,54,'4wOpcPLdWnzhU28kubGRXC',5,1,0.42199999999999997513,97.013999999999995793,0.49900000000000002131,0.78600000000000003197,0.0,0.057399999999999993249,4,0.093799999999999990052,-6.0300000000000002486,0.25899999999999998578);
INSERT INTO track VALUES('458f6v8JPdsk6Qms2sddVm','Pandora''s Box',212000,43,'5fa6oWFXuvaVkY49mfOsRd',7,1,0.20100000000000002309,178.0909999999999993,0.35699999999999998401,0.28299999999999997157,0.0,0.043099999999999996092,4,0.85500000000000007105,-9.759000000000000341,0.078500000000000005329);
INSERT INTO track VALUES('7gCMZGYUvujTe4OF64uvN3','Where''s My Love - Slowed',289536,54,'7dwAeKkbpzA4ELMDiacfcR',1,1,0.11600000000000001421,177.5959999999999983,0.13800000000000001065,0.1330000000000000071,0.090399999999999991473,0.035700000000000002842,4,0.9350000000000001421,-15.375000000000000888,0.081100000000000012079);
INSERT INTO track VALUES('73ZWAySu4UX5LkpCM6zjYh','CHRONICALLY CAUTIOUS',119571,71,'418zZ5Y7Wds4r6JiIU0WEL',1,1,0.86500000000000003552,139.88999999999998102,0.69799999999999995381,0.58099999999999996092,0.0,0.155,4,0.26200000000000001065,-4.330000000000000071,0.16600000000000001421);
INSERT INTO track VALUES('6BL3h2yQfMPIwBnc74c5sa','Throwback Tears',117943,39,'5CG9626TPlTSDlOlsVXafP',2,1,0.65200000000000004618,90.043000000000006366,0.73700000000000001065,0.71099999999999994315,1.8000000000000003552e-06,0.040700000000000002842,4,0.1,-5.6020000000000003126,0.48200000000000002842);
INSERT INTO track VALUES('6YiR17DGpJa5r4X7RjwCwW','Good, but not together',183365,50,'5CG9626TPlTSDlOlsVXafP',1,1,0.64599999999999999644,169.99299999999999855,0.49599999999999999644,0.49299999999999997157,2.0999999999999996447e-06,0.0325,4,0.84599999999999990762,-9.2200000000000006394,0.11799999999999999378);
INSERT INTO track VALUES('0HXiFFhg287d15ssjFaRZp','Get By',146813,57,'0QnWm07An8WyO3eupjBDoP',5,1,0.90300000000000011368,135.05899999999999572,0.78000000000000007105,0.56299999999999990052,2.4399999999999999467e-06,0.060999999999999996447,4,0.31699999999999999289,-6.9850000000000003197,0.47999999999999998223);
INSERT INTO track VALUES('6iofGrOUEOT0uaAMz17a27','August',165600,41,'5AzPpusxP7djj8t5L2dLty',1,1,0.34300000000000001598,95.079999999999991189,0.51600000000000001421,0.049599999999999999644,1.5699999999999998401e-06,0.037400000000000002131,4,0.95299999999999993605,-19.003000000000000113,0.10300000000000000266);
INSERT INTO track VALUES('0SGeEJ5gbYEZQMj3kFUzwR','Gothic Babe Tendencies (feat. blackbear)',303544,40,'1U0HbPRySU5K84eLnfIaTd',4,1,0.4069999999999999396,135.92299999999999382,0.69899999999999993249,0.55400000000000009237,1.739999999999999769e-06,0.03080000000000000071,4,0.38700000000000001065,-8.492000000000000881,0.18399999999999998578);
INSERT INTO track VALUES('7eP9kTIDDkOkv9sqJEZyUT','WISH I HAD YOU',196666,37,'6SW7IIrlj6LoWxDPinGeQp',11,1,0.14099999999999999644,101.6979999999999995,0.49399999999999995026,0.33900000000000001243,0.0,0.026500000000000003552,4,0.74500000000000001776,-8.9339999999999992752,0.10400000000000000355);
INSERT INTO track VALUES('3lXEoPxZMDiMNeE4ea5nct','Where Do You Go',170808,68,'4MG8Z8BcUsNQFgJjMxzTWN',2,1,0.072599999999999997868,173.46700000000002006,0.37000000000000001776,0.29899999999999998578,0.00076200000000000001065,0.04569999999999999396,3,0.65400000000000000355,-10.836000000000001186,0.11300000000000001154);
INSERT INTO track VALUES('34h9Wr114K0EjlFsjITrMW','What If I Still Miss You?',200733,44,'2UPFK2Xdq6ZyDUVLj3aEc5',1,1,0.4080000000000000071,147.98900000000001497,0.55400000000000009237,0.37199999999999997513,0.0,0.028500000000000005329,4,0.76799999999999997157,-8.4410000000000007247,0.33000000000000002664);
INSERT INTO track VALUES('1wJWwgCNRoPnp5nelPCy6W','Bad Choice My Boy',131707,33,'10dztCLuuvkNaQlOgWxbZz',5,1,0.54199999999999999289,164.25299999999998235,0.69299999999999997157,0.53399999999999998578,2.0599999999999996092e-05,0.061099999999999994315,4,0.14299999999999998934,-7.2220000000000004192,0.077899999999999991473);
INSERT INTO track VALUES('2ruVNhIUh7AUYUhbAvzLoB','Airport',155804,40,'1jU9A4NHI3xVySNckr0HDn',3,1,0.44500000000000001776,139.94599999999999262,0.65300000000000002486,0.61600000000000001421,0.0,0.033000000000000002664,4,0.024100000000000001421,-6.955000000000000071,0.10200000000000000177);
INSERT INTO track VALUES('3X7v1y9g6psZQjZZwtZkm4','Listerine',215555,59,'7GYzQIMfdDWo2XC4BDLHPk',10,1,0.89700000000000006394,134.99900000000000233,0.69399999999999995026,0.5830000000000000071,0.81999999999999992894,0.037099999999999999644,4,0.17000000000000001776,-11.549000000000000376,0.32900000000000000355);
INSERT INTO track VALUES('7412fpVfB2PSSb1nENQczC','Sheep',215180,57,'5a09nRt0ZS75T2PpjP1W0c',1,1,0.28599999999999997868,81.168999999999993377,0.49800000000000004263,0.50199999999999995736,0.00090700000000000002842,0.037099999999999999644,4,0.89100000000000001421,-8.051999999999999602,0.071600000000000001421);
INSERT INTO track VALUES('0UYuRLB2wbG7X19Hd5DeQ2','Any Way You Want Me',91080,57,'7bNubmdfctkLp7ltJE0pLy',12,1,0.48700000000000001065,109.96599999999998686,0.65300000000000002486,0.52400000000000002131,0.047300000000000004263,0.041300000000000007815,4,0.72900000000000000355,-13.813999999999999701,0.12299999999999999822);
INSERT INTO track VALUES('3vQYcH9krDAkYqPJILas3J','Imaginationcy',208576,47,'7m9rnbf4zM8BuHE3Llmyj0',1,1,0.29,102.90799999999999947,0.41399999999999996802,0.71299999999999998934,0.0065500000000000007105,0.084800000000000004263,4,0.19700000000000002842,-7.8230000000000003979,0.32200000000000001953);
INSERT INTO track VALUES('32h65LacMUd5hTol2JgQOU','Ruby Fields',187344,53,'2TlvgNvgxFbdF6e6GO7lPt',1,1,0.33200000000000002842,144.87600000000000477,0.54199999999999999289,0.50499999999999998223,4.6899999999999995026e-05,0.026800000000000001598,4,0.47400000000000002131,-6.9720000000000004192,0.21499999999999999111);
INSERT INTO track VALUES('06nKF46jG8p1zwyP4ziAyG','Pears',141877,56,'4XedVnZRFfk9n7uX601gvb',1,1,0.19199999999999999289,82.012999999999998124,0.60700000000000002842,0.59900000000000002131,0.0,0.05580000000000000071,4,0.53399999999999998578,-6.4809999999999998721,0.11100000000000000976);
INSERT INTO track VALUES('3koAwrM1RO0TGMeQJ3qt9J','$10',89508,64,'7yM5Ngseisc5GlHyaWd0Cp',8,1,0.89600000000000008526,120.9689999999999932,0.62400000000000002131,0.59599999999999999644,0.20300000000000002486,0.031399999999999996802,4,0.475,-9.80400000000000027,0.11899999999999999467);
INSERT INTO track VALUES('2tTmW7RDtMQtBk7m2rYeSw','Quevedo: Bzrp Music Sessions, Vol. 52',198937,91,'4PNqWiJAfjj32hVvlchV5u',1,1,0.55,128.03299999999999769,0.62099999999999999644,0.78200000000000002842,0.033000000000000002664,0.04399999999999999467,4,0.0125,-5.5480000000000000426,0.23000000000000002664);
INSERT INTO track VALUES('7hmebsI3sCMzANWFcNiCMh','Discoteca',225853,48,'7r6a9NnWydms4uIjf9bH5C',1,1,0.36299999999999998934,127.98699999999998411,0.71899999999999995026,0.90700000000000002842,2.0400000000000000355e-06,0.070999999999999996447,4,0.011799999999999999378,-1.9,0.092599999999999997868);
INSERT INTO track VALUES('0Njbfdqov90zIfAXZl7hIf','HUSH',190946,56,'6zvckLWDs3GtRAll4b0Cvl',3,1,0.44199999999999999289,180.01199999999998979,0.47999999999999998223,0.71799999999999997157,7.9600000000000008526e-05,0.040700000000000002842,4,0.017000000000000001776,-3.9559999999999998721,0.31000000000000000888);
INSERT INTO track VALUES('0OfyukXnVEUlPYCisGPda5','Garden On The Kitchen Floor',219542,44,'3W527nPkx45Y4Bk49kbS2x',1,1,0.47599999999999997868,113.04199999999999803,0.73799999999999998934,0.49100000000000001421,0.0,0.032399999999999993249,4,0.85299999999999993605,-7.6959999999999997299,0.33000000000000002664);
INSERT INTO track VALUES('7733GPKciBMwOYBGVgCK7f','lonely',215000,34,'777BczFgNRT1OpiJ2iQEQW',3,1,0.3930000000000000071,79.978999999999995651,0.52800000000000002486,0.56799999999999997157,0.000155,0.033700000000000001065,4,0.56000000000000005329,-7.1829999999999998294,0.11799999999999999378);
INSERT INTO track VALUES('2IgQIHi4kab7w49IbYQNo7','Riptide',196004,35,'6M3ri7K9z1ymNIb8raIV9Z',5,1,0.37800000000000002486,116.9399999999999995,0.69599999999999990762,0.63399999999999998578,0.041099999999999994315,0.04760000000000000675,4,0.080199999999999995736,-7.5149999999999996802,0.17100000000000001421);
INSERT INTO track VALUES('0o4z9a1hPLutLeNY68wdgg','Video Game',181010,31,'3ebINvMV9ZlwSwFNvK3vTJ',1,1,0.47699999999999995736,92.932000000000005712,0.48599999999999994315,0.36499999999999999111,0.00012199999999999999733,0.024299999999999997157,4,0.82199999999999988631,-10.093000000000000859,0.16500000000000001776);
INSERT INTO track VALUES('5Z2MiIZ5I3jJvvmeWMLbOQ','Escapism.',272373,89,'3omkMn8vbTKOebb9ABbqyb',1,1,0.25,96.106999999999995765,0.53800000000000007815,0.74199999999999999289,4.6699999999999999289e-05,0.11400000000000001243,4,0.13800000000000001065,-5.3550000000000004263,0.093399999999999998578);
INSERT INTO track VALUES('7FLeEtkIM3ptfwLjF8HMz8','BULLETS',218117,46,'25KP5rdvSlUzdZixsNBVva',2,1,0.35699999999999998401,170.0250000000000039,0.55700000000000002842,0.53399999999999998578,0.00068799999999999990052,0.074500000000000001776,4,0.5,-9.0950000000000006394,0.70499999999999998223);
INSERT INTO track VALUES('7mzPAftljnsFmU6131Pqcd','Tripping Over Air',182382,66,'6ZJonF00gkXNSTSI2PwyrC',1,1,0.6,116.98500000000000564,0.62199999999999997513,0.79900000000000002131,1.080000000000000071e-06,0.03420000000000000373,4,0.0018500000000000003552,-4.8109999999999999431,0.26900000000000003907);
INSERT INTO track VALUES('0jAThma0aTSxfZIN268GJh','Bender',187023,39,'66ED3RPjaYpk9YqYoO9Ey8',1,1,0.34499999999999997335,123.01200000000001022,0.48499999999999996447,0.24299999999999997157,0.0015900000000000000355,0.034299999999999997157,3,0.95299999999999993605,-13.227999999999999758,0.095500000000000007105);
INSERT INTO track VALUES('6uc6et9rL6dHhdnLc5LsFP','Did I Make You Up?',149773,55,'4mdZ4AxMYHZk3qE5jBmlzM',6,1,0.28499999999999996447,95.047999999999994713,0.71399999999999996802,0.62300000000000004263,7.559999999999998721e-05,0.03670000000000000373,4,0.45200000000000004618,-5.6360000000000001207,0.07889999999999998792);
INSERT INTO track VALUES('6wVgp48zEWftYjf6R5fXFt','Dividends',218811,49,'4hMKcJUFZ4FbMGiJ1L5N1L',1,1,0.375,109.90999999999999658,0.6899999999999999467,0.54300000000000006039,0.0,0.053399999999999998578,4,0.68700000000000009947,-8.1370000000000004547,0.30899999999999998578);
INSERT INTO track VALUES('2QY8fvsw7ANHp2J7BzgD8J','Falling Apart X I Wanted to Leave',93042,50,'12EdwhXy06N7coO7ZKqEdO',1,1,0.32099999999999999644,170.43700000000001182,0.1980000000000000071,0.027799999999999998046,0.91200000000000009947,0.036799999999999997157,4,0.97899999999999991473,-27.414999999999998259,0.11000000000000000888);
INSERT INTO track VALUES('4jSuthawb7fitf3Wx3MqVM','That Home',112826,53,'5VrMypyjjBGzObGwnEHIJO',1,1,0.038600000000000003197,85.50799999999998846,0.46600000000000001421,0.16800000000000001598,0.89399999999999995026,0.026800000000000001598,4,0.99100000000000001421,-14.068000000000000504,0.088499999999999996447);
INSERT INTO track VALUES('3Yf61qBDL0y5pVSGANYifS','weight',79836,61,'1FAYVQdbkenE6cVtunUI5u',1,1,0.039899999999999998578,87.343000000000010629,0.53700000000000001065,0.031699999999999999289,0.95099999999999997868,0.029699999999999997513,4,0.84499999999999992894,-25.413000000000001143,0.11100000000000000976);
INSERT INTO track VALUES('2kU3tL5BVXkFLefXLy8pBi','snowfall (Sped Up)',110580,71,'5zcMc4yNr5oWoF67bNpX6g',1,1,0.055200000000000004618,213.50299999999999833,0.30499999999999998223,0.10400000000000000355,0.89100000000000001421,0.033500000000000000888,4,0.88800000000000007815,-24.559999999999999609,0.45099999999999997868);
INSERT INTO track VALUES('2NQPp4MGG38qfnBIE8AD0i','to build a home (slowed + reverb)',322105,40,'0Qab5dU5hO17pcJdHirNlM',1,1,0.14699999999999999289,124.45900000000000851,0.40200000000000004618,0.155,0.0036600000000000001421,0.039800000000000004263,4,0.96699999999999999289,-12.076000000000000067,0.1);
INSERT INTO track VALUES('06Muk6IyarouV5CXeQ2yBN','Interstellar on Piano',139075,38,'3Bb2nwKln7t7jzDoUzvIMY',1,1,0.043099999999999996092,67.065000000000001278,0.32400000000000002131,0.33800000000000003375,0.92599999999999997868,0.029399999999999998578,4,0.93399999999999998578,-15.35299999999999887,0.092100000000000008526);
INSERT INTO track VALUES('5mNxeXWzSicgZ1nCtF1B02','Fire',82261,59,'7dopFnnInju2yjJe127paH',6,1,0.11100000000000000976,67.314999999999995949,0.36299999999999998934,0.040899999999999998578,0.92400000000000002131,0.059799999999999995381,5,0.99000000000000003552,-26.77499999999999769,0.14599999999999999644);
INSERT INTO track VALUES('7nNwFai7AvX0B2bDeihlMv','Pluto Projector',71632,55,'69oZot6vSZnvMHFjAcM4iq',1,1,0.10500000000000000444,73.208000000000001961,0.24399999999999999467,0.094100000000000001421,0.85099999999999997868,0.039399999999999995026,4,0.9080000000000000071,-22.982000000000000206,0.11100000000000000976);
INSERT INTO track VALUES('2oPbfMcJUWpvanDtfz7RWx','rosyln (slowed + reverb)',212368,47,'0kx40eim38UnNmJcZ3hxpw',1,1,0.22400000000000002131,134.42699999999998539,0.53600000000000003197,0.24399999999999999467,0.66100000000000003197,0.030699999999999998401,3,0.91699999999999999289,-17.641999999999999459,0.12700000000000000177);
INSERT INTO track VALUES('7ggnbOaIL5u5unRbcL31ke','where is my mind (piano version)',155964,49,'2IHFb3lm4YTVT9NKQlvDPO',1,1,0.066000000000000005329,68.617999999999996774,0.36099999999999998756,0.035299999999999998046,0.90500000000000007105,0.06819999999999999396,4,0.97400000000000002131,-24.216999999999999637,0.12399999999999999911);
INSERT INTO track VALUES('4xF4ZBGPZKxECeDFrqSAG4','snowfall',124065,84,'4NRsGHlWBTl4rdLcq8CKcH',1,1,0.084100000000000001421,95.014000000000002899,0.46600000000000001421,0.091799999999999997157,0.80300000000000011368,0.026900000000000003907,4,0.92900000000000009237,-26.812999999999997946,0.43899999999999996802);
INSERT INTO track VALUES('0yfMign5fsLtw5I4pK73ge','Solas',146000,59,'2XZXXXuThQ8JwPjoTcGIkF',1,1,0.41299999999999998934,166.31999999999999673,0.18700000000000001065,0.32400000000000002131,0.92800000000000011368,0.033099999999999996092,3,0.91900000000000012789,-17.517000000000000348,0.14299999999999998934);
INSERT INTO track VALUES('0aGA1zFV0ER1xLiJmHxb2s','Adieux',64840,51,'2D7n3im1n6of8bdRPHK0TR',14,1,0.0,0.0,0.0,0.10500000000000000444,0.95700000000000002842,0.0,0,0.98900000000000005684,-13.92500000000000071,0.1080000000000000071);
INSERT INTO track VALUES('0gUh6WRbifM4HQ4q8nhsrw','Lost Song',108200,53,'61qZNYEcs1dWh2a1CljBRZ',2,1,0.073300000000000009592,69.626000000000001222,0.18900000000000002131,0.053399999999999998578,0.95499999999999989341,0.041500000000000003552,4,0.99100000000000001421,-35.668999999999995154,0.10100000000000000088);
CREATE TABLE album (
  album_id               text primary key,
  name                   text,
  release_date_precision text,
  release_date           text,
  album_type             text,
  artwork_large_url      text,
  artwork_medium_url     text,
  artwork_small_url      text,
  label                  text,
  popularity             int,
  genres                 text
);
INSERT INTO album VALUES('6datNfWPAAbyGAap5GG5zq','i cannot save you','day','2022-08-21','album','https://i.scdn.co/image/ab67616d0000b273bf7bab7d6e2cb40fe62c7af9','https://i.scdn.co/image/ab67616d00001e02bf7bab7d6e2cb40fe62c7af9','https://i.scdn.co/image/ab67616d00004851bf7bab7d6e2cb40fe62c7af9','Hinshi',36,'');
INSERT INTO album VALUES('76VaiS31Je9qRTRN7zRWav','Mariana','day','2020-02-08','album','https://i.scdn.co/image/ab67616d0000b27372b600cb02757e889eb09707','https://i.scdn.co/image/ab67616d00001e0272b600cb02757e889eb09707','https://i.scdn.co/image/ab67616d0000485172b600cb02757e889eb09707','Warsp Records',38,'');
INSERT INTO album VALUES('4fu4zWWt1p2nfi8ZJVTJjd','Vampire','day','2023-01-06','album','https://i.scdn.co/image/ab67616d0000b2739f71f9ebb2847fa2dbe894e8','https://i.scdn.co/image/ab67616d00001e029f71f9ebb2847fa2dbe894e8','https://i.scdn.co/image/ab67616d000048519f71f9ebb2847fa2dbe894e8','the bootleg boy',25,'');
INSERT INTO album VALUES('4yJE1Z4qZcF4gHgIOixcyh','Los Santos','day','2020-08-20','album','https://i.scdn.co/image/ab67616d0000b273d76de2eb05b8e593c1e8f816','https://i.scdn.co/image/ab67616d00001e02d76de2eb05b8e593c1e8f816','https://i.scdn.co/image/ab67616d00004851d76de2eb05b8e593c1e8f816','Current Blue',48,'');
INSERT INTO album VALUES('5qNyLZnMwnZBv7NFXmChtV','ache (demos)','day','2022-04-18','album','https://i.scdn.co/image/ab67616d0000b273b9583321942f66d168682347','https://i.scdn.co/image/ab67616d00001e02b9583321942f66d168682347','https://i.scdn.co/image/ab67616d00004851b9583321942f66d168682347','bedroom z',47,'');
INSERT INTO album VALUES('5LjSnB8XhGUTQ47WAzdXJb','War','day','2021-07-02','album','https://i.scdn.co/image/ab67616d0000b2730ff76cf874f6ba3ff4911230','https://i.scdn.co/image/ab67616d00001e020ff76cf874f6ba3ff4911230','https://i.scdn.co/image/ab67616d000048510ff76cf874f6ba3ff4911230','Chance Peña',54,'');
INSERT INTO album VALUES('05jbNkYoEQdjVDHEHtg1gY','Don''t Forget About Me, Demos','day','2018-10-16','album','https://i.scdn.co/image/ab67616d0000b2737b1b6f41c1645af9757d5616','https://i.scdn.co/image/ab67616d00001e027b1b6f41c1645af9757d5616','https://i.scdn.co/image/ab67616d000048517b1b6f41c1645af9757d5616','Columbia',73,'');
INSERT INTO album VALUES('3hzt5mEdhd9YF81TGH1pOx','Born Erased','day','2022-07-15','album','https://i.scdn.co/image/ab67616d0000b273b83c8c6c103bdf2890d0af19','https://i.scdn.co/image/ab67616d00001e02b83c8c6c103bdf2890d0af19','https://i.scdn.co/image/ab67616d00004851b83c8c6c103bdf2890d0af19','Boom.Records',58,'');
INSERT INTO album VALUES('7tHZf9HwjVlQjQ7JkAXWNE','Above the Salt','day','2022-11-04','album','https://i.scdn.co/image/ab67616d0000b27369c507d40b73eff6cd219bf1','https://i.scdn.co/image/ab67616d00001e0269c507d40b73eff6cd219bf1','https://i.scdn.co/image/ab67616d0000485169c507d40b73eff6cd219bf1','Nettwerk Music Group',43,'');
INSERT INTO album VALUES('7LHDsa9C6lKPdhQoJtdCoH','Deep End','day','2021-04-13','album','https://i.scdn.co/image/ab67616d0000b273b0fbb1d14335ac27fc07511b','https://i.scdn.co/image/ab67616d00001e02b0fbb1d14335ac27fc07511b','https://i.scdn.co/image/ab67616d00004851b0fbb1d14335ac27fc07511b','Pizzaslime Records',39,'');
INSERT INTO album VALUES('2ha2R9dZOJ6B0aYnNanUwQ','crush (demos)','day','2022-04-18','album','https://i.scdn.co/image/ab67616d0000b2736202118bf4d36e84c29a34fc','https://i.scdn.co/image/ab67616d00001e026202118bf4d36e84c29a34fc','https://i.scdn.co/image/ab67616d000048516202118bf4d36e84c29a34fc','bedroom z',60,'');
INSERT INTO album VALUES('5dTd90vjm7gvka1Jy3lB3q','Summer 2019','day','2022-05-03','album','https://i.scdn.co/image/ab67616d0000b273ebe917f1f5486434e023c212','https://i.scdn.co/image/ab67616d00001e02ebe917f1f5486434e023c212','https://i.scdn.co/image/ab67616d00004851ebe917f1f5486434e023c212','Caroline Culver',49,'');
INSERT INTO album VALUES('1UlArx9Z3TTgNGwOQ2yubC','Golden Age','day','2022-08-12','album','https://i.scdn.co/image/ab67616d0000b273ab68ecfc19f94346df433295','https://i.scdn.co/image/ab67616d00001e02ab68ecfc19f94346df433295','https://i.scdn.co/image/ab67616d00004851ab68ecfc19f94346df433295','Nettwerk Music Group',60,'');
INSERT INTO album VALUES('5W24xtDFpcakd6JTepCNfT','it''s over','day','2022-06-24','album','https://i.scdn.co/image/ab67616d0000b27358606ad99befe967be8a9c56','https://i.scdn.co/image/ab67616d00001e0258606ad99befe967be8a9c56','https://i.scdn.co/image/ab67616d0000485158606ad99befe967be8a9c56','Mookigang',42,'');
INSERT INTO album VALUES('5onmM2jMU1bod6ybbehqAq','Don’t Hate Me','day','2023-02-24','album','https://i.scdn.co/image/ab67616d0000b273c84867a54615bd8b597e367e','https://i.scdn.co/image/ab67616d00001e02c84867a54615bd8b597e367e','https://i.scdn.co/image/ab67616d00004851c84867a54615bd8b597e367e','Universal-Island Records Ltd.',63,'');
INSERT INTO album VALUES('68enXe5XcJdciSDAZr0Alr','Manic','day','2020-01-17','album','https://i.scdn.co/image/ab67616d0000b2737636e1c9e67eaafc9f49aefd','https://i.scdn.co/image/ab67616d00001e027636e1c9e67eaafc9f49aefd','https://i.scdn.co/image/ab67616d000048517636e1c9e67eaafc9f49aefd','Capitol Records',77,'');
INSERT INTO album VALUES('33ABHEFBrhVxKwimVhBZ6B','the grass wasn’t greener','day','2022-08-03','album','https://i.scdn.co/image/ab67616d0000b2731e45774efd5e06b68c1693af','https://i.scdn.co/image/ab67616d00001e021e45774efd5e06b68c1693af','https://i.scdn.co/image/ab67616d000048511e45774efd5e06b68c1693af','beowave',48,'');
INSERT INTO album VALUES('5tUM4uP2IVeOa5Lh4F0FzS','Cruise Control','day','2021-03-18','album','https://i.scdn.co/image/ab67616d0000b27359fad234ff5859317d452b67','https://i.scdn.co/image/ab67616d00001e0259fad234ff5859317d452b67','https://i.scdn.co/image/ab67616d0000485159fad234ff5859317d452b67','VYB',56,'');
INSERT INTO album VALUES('2DkQzt5cmb3Jy8ZQH4tBo9','Six Speed','day','2019-03-01','album','https://i.scdn.co/image/ab67616d0000b273b539caa28dd44e1767eebd04','https://i.scdn.co/image/ab67616d00001e02b539caa28dd44e1767eebd04','https://i.scdn.co/image/ab67616d00004851b539caa28dd44e1767eebd04','Current Blue',48,'');
INSERT INTO album VALUES('3zZi1vy6CnNZX7lbcRJtXo','Sunlight','day','2020-06-12','album','https://i.scdn.co/image/ab67616d0000b273f4e16426b9de1ae437f588e7','https://i.scdn.co/image/ab67616d00001e02f4e16426b9de1ae437f588e7','https://i.scdn.co/image/ab67616d00004851f4e16426b9de1ae437f588e7','Spacey Jane',65,'');
INSERT INTO album VALUES('7vXiklrUeffx5o2F8VYwm3','How to: Friend, Love, Freefall','day','2018-04-06','album','https://i.scdn.co/image/ab67616d0000b2739529217e48fc8bab89c8a1f9','https://i.scdn.co/image/ab67616d00001e029529217e48fc8bab89c8a1f9','https://i.scdn.co/image/ab67616d000048519529217e48fc8bab89c8a1f9','Elektra (NEK)',77,'');
INSERT INTO album VALUES('0KTj6k94XZh0c6IEMfxeWV','Dreamland (+ Bonus Levels)','day','2020-08-06','album','https://i.scdn.co/image/ab67616d0000b2739e495fb707973f3390850eea','https://i.scdn.co/image/ab67616d00001e029e495fb707973f3390850eea','https://i.scdn.co/image/ab67616d000048519e495fb707973f3390850eea','Polydor Records',79,'');
INSERT INTO album VALUES('2xOawu4iq9fwcdFNvGBTdl','life''s a beach','day','2021-05-28','album','https://i.scdn.co/image/ab67616d0000b2732e362b1d576395015a8bc494','https://i.scdn.co/image/ab67616d00001e022e362b1d576395015a8bc494','https://i.scdn.co/image/ab67616d000048512e362b1d576395015a8bc494','Universal-Island Records Ltd.',61,'');
INSERT INTO album VALUES('0Jb9gNSi9ZuWoWB8gbsQQ7','Forest Green (Deluxe)','day','2019-07-12','album','https://i.scdn.co/image/ab67616d0000b273d367930b2c97854eae11ce98','https://i.scdn.co/image/ab67616d00001e02d367930b2c97854eae11ce98','https://i.scdn.co/image/ab67616d00004851d367930b2c97854eae11ce98','Columbia',55,'');
INSERT INTO album VALUES('2NDlOOZNBvq6B26feV4gJc','WELCOME HOME','day','2019-04-18','album','https://i.scdn.co/image/ab67616d0000b2735d084c9ce80631cbce8d84c2','https://i.scdn.co/image/ab67616d00001e025d084c9ce80631cbce8d84c2','https://i.scdn.co/image/ab67616d000048515d084c9ce80631cbce8d84c2','WUNDERWORLD',62,'');
INSERT INTO album VALUES('6xduu32sm4aidoLhaxYkUA','Being So Normal','day','2018-06-28','album','https://i.scdn.co/image/ab67616d0000b27300b39b4a73d28536690b355c','https://i.scdn.co/image/ab67616d00001e0200b39b4a73d28536690b355c','https://i.scdn.co/image/ab67616d0000485100b39b4a73d28536690b355c','Columbia',68,'');
INSERT INTO album VALUES('1ubh8g3vXgxNP5RGfSlO6d','Alone','day','2018-02-02','album','https://i.scdn.co/image/ab67616d0000b273b2a4df6fef1291421bb46b2a','https://i.scdn.co/image/ab67616d00001e02b2a4df6fef1291421bb46b2a','https://i.scdn.co/image/ab67616d00004851b2a4df6fef1291421bb46b2a','1477434 Records DK2',50,'');
INSERT INTO album VALUES('4Xo5ZlQcMcw3k0WOCbEKmZ','Cleaner Air','day','2018-10-30','album','https://i.scdn.co/image/ab67616d0000b273f7c123d06f12a222f91da2a4','https://i.scdn.co/image/ab67616d00001e02f7c123d06f12a222f91da2a4','https://i.scdn.co/image/ab67616d00004851f7c123d06f12a222f91da2a4','Yeek, Inc.',47,'');
INSERT INTO album VALUES('5h9FO7QRZMcrcnSYvihQ01','Mt. Joy','day','2018-03-02','album','https://i.scdn.co/image/ab67616d0000b27319ed71aa39d8e1d791aa9af6','https://i.scdn.co/image/ab67616d00001e0219ed71aa39d8e1d791aa9af6','https://i.scdn.co/image/ab67616d0000485119ed71aa39d8e1d791aa9af6','Dualtone Music Group, Inc.',72,'');
INSERT INTO album VALUES('1BubKJqf6Uc4fNae5kLJJ7','What Could Possibly Go Wrong','day','2020-07-31','album','https://i.scdn.co/image/ab67616d0000b273cfc824b65a3b1755d98a7e23','https://i.scdn.co/image/ab67616d00001e02cfc824b65a3b1755d98a7e23','https://i.scdn.co/image/ab67616d00004851cfc824b65a3b1755d98a7e23','Columbia',74,'');
INSERT INTO album VALUES('1jcNHi5D96aaD0T5f1OjFY','Daylight','day','2020-08-06','album','https://i.scdn.co/image/ab67616d0000b2730e991b59cee17246a5e604d0','https://i.scdn.co/image/ab67616d00001e020e991b59cee17246a5e604d0','https://i.scdn.co/image/ab67616d000048510e991b59cee17246a5e604d0','88rising Music/12Tone Music, LLC/Columbia',62,'');
INSERT INTO album VALUES('2uNNQws3ix4ZyVxueGd2un','Madonna','day','2022-02-24','album','https://i.scdn.co/image/ab67616d0000b273c4cc7622733bda0606d3cca2','https://i.scdn.co/image/ab67616d00001e02c4cc7622733bda0606d3cca2','https://i.scdn.co/image/ab67616d00004851c4cc7622733bda0606d3cca2','Neon Gold Records',30,'');
INSERT INTO album VALUES('6YL2WtvA4gLbVU1Plnk5mT','Time Goes By','day','2022-11-18','album','https://i.scdn.co/image/ab67616d0000b273a37e531bdbc3782b6bd7202b','https://i.scdn.co/image/ab67616d00001e02a37e531bdbc3782b6bd7202b','https://i.scdn.co/image/ab67616d00004851a37e531bdbc3782b6bd7202b','Mishaal Records',23,'');
INSERT INTO album VALUES('1nLliOkHseMxsc47oyAHDJ','letting go of holding back','day','2023-02-17','album','https://i.scdn.co/image/ab67616d0000b273723e3e65f875cc15a99b52c0','https://i.scdn.co/image/ab67616d00001e02723e3e65f875cc15a99b52c0','https://i.scdn.co/image/ab67616d00004851723e3e65f875cc15a99b52c0','nead.(music)',27,'');
INSERT INTO album VALUES('2LhpR3TL7xqk8N4wJBTGIN','Moonboy','day','2020-07-10','album','https://i.scdn.co/image/ab67616d0000b273a84fa71972eb8e8c8c8eb947','https://i.scdn.co/image/ab67616d00001e02a84fa71972eb8e8c8c8eb947','https://i.scdn.co/image/ab67616d00004851a84fa71972eb8e8c8c8eb947','Bennett Coast',47,'');
INSERT INTO album VALUES('1vUcIP9rKpbAnouzD7UCXW','Holly','day','2023-02-01','album','https://i.scdn.co/image/ab67616d0000b273c4569dd6ea67468fb6e74a7f','https://i.scdn.co/image/ab67616d00001e02c4569dd6ea67468fb6e74a7f','https://i.scdn.co/image/ab67616d00004851c4569dd6ea67468fb6e74a7f','+1 Records',46,'');
INSERT INTO album VALUES('4wOpcPLdWnzhU28kubGRXC','Family Ghost','day','2019-11-01','album','https://i.scdn.co/image/ab67616d0000b27309486ea76c350f9f465ead53','https://i.scdn.co/image/ab67616d00001e0209486ea76c350f9f465ead53','https://i.scdn.co/image/ab67616d0000485109486ea76c350f9f465ead53','Antifragile Music',49,'');
INSERT INTO album VALUES('5fa6oWFXuvaVkY49mfOsRd','Ancient Dreams In A Modern Land','day','2021-06-11','album','https://i.scdn.co/image/ab67616d0000b27336c95d8631f465e6898bccc8','https://i.scdn.co/image/ab67616d00001e0236c95d8631f465e6898bccc8','https://i.scdn.co/image/ab67616d0000485136c95d8631f465e6898bccc8','Atlantic Records',67,'');
INSERT INTO album VALUES('7dwAeKkbpzA4ELMDiacfcR','Where''s My Love (Slowed)','day','2022-11-11','album','https://i.scdn.co/image/ab67616d0000b27364ab04b37fdc00963996090d','https://i.scdn.co/image/ab67616d00001e0264ab04b37fdc00963996090d','https://i.scdn.co/image/ab67616d0000485164ab04b37fdc00963996090d','Nettwerk Music Group',52,'');
INSERT INTO album VALUES('418zZ5Y7Wds4r6JiIU0WEL','CHRONICALLY CAUTIOUS','day','2023-02-24','album','https://i.scdn.co/image/ab67616d0000b27308a3e98778e2a9b8c97ce624','https://i.scdn.co/image/ab67616d00001e0208a3e98778e2a9b8c97ce624','https://i.scdn.co/image/ab67616d0000485108a3e98778e2a9b8c97ce624','2903485 Records DK2',66,'');
INSERT INTO album VALUES('5CG9626TPlTSDlOlsVXafP','Good, but not together','day','2023-03-02','album','https://i.scdn.co/image/ab67616d0000b273e139bf2ed8a27f311d66214f','https://i.scdn.co/image/ab67616d00001e02e139bf2ed8a27f311d66214f','https://i.scdn.co/image/ab67616d00004851e139bf2ed8a27f311d66214f','Universal Music Canada',46,'');
INSERT INTO album VALUES('0QnWm07An8WyO3eupjBDoP','If This Isn’t Nice, I Don’t Know What Is','day','2021-08-13','album','https://i.scdn.co/image/ab67616d0000b273178df9e236187d6f1e710f5f','https://i.scdn.co/image/ab67616d00001e02178df9e236187d6f1e710f5f','https://i.scdn.co/image/ab67616d00004851178df9e236187d6f1e710f5f','Still Woozy Productions Inc., under exclusive license to Interscope Records',67,'');
INSERT INTO album VALUES('5AzPpusxP7djj8t5L2dLty','August','day','2021-03-26','album','https://i.scdn.co/image/ab67616d0000b27360035dcc12dc6da28cbeae54','https://i.scdn.co/image/ab67616d00001e0260035dcc12dc6da28cbeae54','https://i.scdn.co/image/ab67616d0000485160035dcc12dc6da28cbeae54','Vanisa Khamkhosy',36,'');
INSERT INTO album VALUES('1U0HbPRySU5K84eLnfIaTd','Good Thing We Stayed','day','2023-01-13','album','https://i.scdn.co/image/ab67616d0000b2736d4b7f6c321a2451a92053e4','https://i.scdn.co/image/ab67616d00001e026d4b7f6c321a2451a92053e4','https://i.scdn.co/image/ab67616d000048516d4b7f6c321a2451a92053e4','BMG Rights Management (US) LLC',52,'');
INSERT INTO album VALUES('6SW7IIrlj6LoWxDPinGeQp','4TH WALL','day','2023-03-02','album','https://i.scdn.co/image/ab67616d0000b2739834b1fa0f6f256aa29601ba','https://i.scdn.co/image/ab67616d00001e029834b1fa0f6f256aa29601ba','https://i.scdn.co/image/ab67616d000048519834b1fa0f6f256aa29601ba','RCA Records Label',52,'');
INSERT INTO album VALUES('4MG8Z8BcUsNQFgJjMxzTWN','drowning','day','2023-02-10','album','https://i.scdn.co/image/ab67616d0000b2739375bce83fc4fd70a683813e','https://i.scdn.co/image/ab67616d00001e029375bce83fc4fd70a683813e','https://i.scdn.co/image/ab67616d000048519375bce83fc4fd70a683813e','Columbia',73,'');
INSERT INTO album VALUES('2UPFK2Xdq6ZyDUVLj3aEc5','What If I Still Miss You?','day','2023-02-24','album','https://i.scdn.co/image/ab67616d0000b273d2f45cf9e9b4ba0db0e6aaa8','https://i.scdn.co/image/ab67616d00001e02d2f45cf9e9b4ba0db0e6aaa8','https://i.scdn.co/image/ab67616d00004851d2f45cf9e9b4ba0db0e6aaa8','Overall/Atlantic',40,'');
INSERT INTO album VALUES('10dztCLuuvkNaQlOgWxbZz','Just To Be Ironic','day','2018-11-16','album','https://i.scdn.co/image/ab67616d0000b273a2850db4ec0c12e51c0f1c69','https://i.scdn.co/image/ab67616d00001e02a2850db4ec0c12e51c0f1c69','https://i.scdn.co/image/ab67616d00004851a2850db4ec0c12e51c0f1c69','Real Dirty Boy LLC / Silk Ivory',41,'');
INSERT INTO album VALUES('1jU9A4NHI3xVySNckr0HDn','Hunny','day','2020-10-16','album','https://i.scdn.co/image/ab67616d0000b2731e578a62280111d6fd86cf92','https://i.scdn.co/image/ab67616d00001e021e578a62280111d6fd86cf92','https://i.scdn.co/image/ab67616d000048511e578a62280111d6fd86cf92','TrvllFurthur',45,'');
INSERT INTO album VALUES('7GYzQIMfdDWo2XC4BDLHPk','Fuzzybrain','day','2019-11-14','album','https://i.scdn.co/image/ab67616d0000b2735160eaecb31b739ea1c2eaa5','https://i.scdn.co/image/ab67616d00001e025160eaecb31b739ea1c2eaa5','https://i.scdn.co/image/ab67616d000048515160eaecb31b739ea1c2eaa5','Very Nice Records',75,'');
INSERT INTO album VALUES('5a09nRt0ZS75T2PpjP1W0c','Sheep','day','2017-01-18','album','https://i.scdn.co/image/ab67616d0000b2732e584e913464aa3fecd7b24c','https://i.scdn.co/image/ab67616d00001e022e584e913464aa3fecd7b24c','https://i.scdn.co/image/ab67616d000048512e584e913464aa3fecd7b24c','Mt. Joy',52,'');
INSERT INTO album VALUES('7bNubmdfctkLp7ltJE0pLy','The Family','day','2022-11-17','album','https://i.scdn.co/image/ab67616d0000b273a3a7fef0d7e967752934b8b3','https://i.scdn.co/image/ab67616d00001e02a3a7fef0d7e967752934b8b3','https://i.scdn.co/image/ab67616d00004851a3a7fef0d7e967752934b8b3','Question Everything/RCA Records',62,'');
INSERT INTO album VALUES('7m9rnbf4zM8BuHE3Llmyj0','Imaginationcy','day','2019-06-12','album','https://i.scdn.co/image/ab67616d0000b273856def18bc960ef27fffd10b','https://i.scdn.co/image/ab67616d00001e02856def18bc960ef27fffd10b','https://i.scdn.co/image/ab67616d00004851856def18bc960ef27fffd10b','Goth Babe',42,'');
INSERT INTO album VALUES('2TlvgNvgxFbdF6e6GO7lPt','So You''re Mad About the Cups','day','2019-05-19','album','https://i.scdn.co/image/ab67616d0000b27380eae6f435a6a6005e14513b','https://i.scdn.co/image/ab67616d00001e0280eae6f435a6a6005e14513b','https://i.scdn.co/image/ab67616d0000485180eae6f435a6a6005e14513b','Sarah and the Sundays',57,'');
INSERT INTO album VALUES('4XedVnZRFfk9n7uX601gvb','Pears','day','2021-04-23','album','https://i.scdn.co/image/ab67616d0000b2735fa082277111548c54363de9','https://i.scdn.co/image/ab67616d00001e025fa082277111548c54363de9','https://i.scdn.co/image/ab67616d000048515fa082277111548c54363de9','Arista Records',50,'');
INSERT INTO album VALUES('7yM5Ngseisc5GlHyaWd0Cp','Prize//Reward','day','2018-05-11','album','https://i.scdn.co/image/ab67616d0000b273ee07bd960bebd505c1fd05a8','https://i.scdn.co/image/ab67616d00001e02ee07bd960bebd505c1fd05a8','https://i.scdn.co/image/ab67616d00004851ee07bd960bebd505c1fd05a8','Bedroom Suck Records',59,'');
INSERT INTO album VALUES('4PNqWiJAfjj32hVvlchV5u','Quevedo: Bzrp Music Sessions, Vol. 52','day','2022-07-06','album','https://i.scdn.co/image/ab67616d0000b2731630dd349221a35ce03a0ccf','https://i.scdn.co/image/ab67616d00001e021630dd349221a35ce03a0ccf','https://i.scdn.co/image/ab67616d000048511630dd349221a35ce03a0ccf','DALE PLAY Records',86,'');
INSERT INTO album VALUES('7r6a9NnWydms4uIjf9bH5C','Discoteca','day','2021-12-30','album','https://i.scdn.co/image/ab67616d0000b27328aa3eb2e97367902e01cc3a','https://i.scdn.co/image/ab67616d00001e0228aa3eb2e97367902e01cc3a','https://i.scdn.co/image/ab67616d0000485128aa3eb2e97367902e01cc3a','Mr. 305 Records',43,'');
INSERT INTO album VALUES('6zvckLWDs3GtRAll4b0Cvl','Fallen Angel','day','2022-10-07','album','https://i.scdn.co/image/ab67616d0000b2739bf9b2093cfeddc06e16f35a','https://i.scdn.co/image/ab67616d00001e029bf9b2093cfeddc06e16f35a','https://i.scdn.co/image/ab67616d000048519bf9b2093cfeddc06e16f35a','Slumbo Labs/RCA Records',55,'');
INSERT INTO album VALUES('3W527nPkx45Y4Bk49kbS2x','Garden On The Kitchen Floor','day','2022-06-17','album','https://i.scdn.co/image/ab67616d0000b2733d035f32f5bd57fdaf6cfb3d','https://i.scdn.co/image/ab67616d00001e023d035f32f5bd57fdaf6cfb3d','https://i.scdn.co/image/ab67616d000048513d035f32f5bd57fdaf6cfb3d','BMG Rights Management (US) LLC',39,'');
INSERT INTO album VALUES('777BczFgNRT1OpiJ2iQEQW','new low','day','2021-07-09','album','https://i.scdn.co/image/ab67616d0000b273ebdaa2733ac4fab2fdce9c20','https://i.scdn.co/image/ab67616d00001e02ebdaa2733ac4fab2fdce9c20','https://i.scdn.co/image/ab67616d00004851ebdaa2733ac4fab2fdce9c20','Mad Collective',41,'');
INSERT INTO album VALUES('6M3ri7K9z1ymNIb8raIV9Z','Catch Me on a Wave','day','2020-09-18','album','https://i.scdn.co/image/ab67616d0000b2733ca992899098a8eade2bd10e','https://i.scdn.co/image/ab67616d00001e023ca992899098a8eade2bd10e','https://i.scdn.co/image/ab67616d000048513ca992899098a8eade2bd10e','Cyooty Records',30,'');
INSERT INTO album VALUES('3ebINvMV9ZlwSwFNvK3vTJ','Video Game','day','2021-01-22','album','https://i.scdn.co/image/ab67616d0000b2734e4f62868628a8466e773e73','https://i.scdn.co/image/ab67616d00001e024e4f62868628a8466e773e73','https://i.scdn.co/image/ab67616d000048514e4f62868628a8466e773e73','Icelandia',26,'');
INSERT INTO album VALUES('3omkMn8vbTKOebb9ABbqyb','Escapism. / The Thrill Is Gone.','day','2022-10-12','album','https://i.scdn.co/image/ab67616d0000b273025dacb513f2b67e6432d56e','https://i.scdn.co/image/ab67616d00001e02025dacb513f2b67e6432d56e','https://i.scdn.co/image/ab67616d00004851025dacb513f2b67e6432d56e','Human Re Sources',84,'');
INSERT INTO album VALUES('25KP5rdvSlUzdZixsNBVva','SOMEWHERE IN NOWHERELAND','day','2022-10-14','album','https://i.scdn.co/image/ab67616d0000b273f25a95b574a7572151614344','https://i.scdn.co/image/ab67616d00001e02f25a95b574a7572151614344','https://i.scdn.co/image/ab67616d00004851f25a95b574a7572151614344','Devon Devon Music',43,'');
INSERT INTO album VALUES('6ZJonF00gkXNSTSI2PwyrC','Tripping Over Air','day','2022-09-09','album','https://i.scdn.co/image/ab67616d0000b27316ec2775ea7582889470677b','https://i.scdn.co/image/ab67616d00001e0216ec2775ea7582889470677b','https://i.scdn.co/image/ab67616d0000485116ec2775ea7582889470677b','Capitol Records',61,'');
INSERT INTO album VALUES('66ED3RPjaYpk9YqYoO9Ey8','Bender','day','2023-01-06','album','https://i.scdn.co/image/ab67616d0000b2733e04dabfeb729c3fe2f6ca43','https://i.scdn.co/image/ab67616d00001e023e04dabfeb729c3fe2f6ca43','https://i.scdn.co/image/ab67616d000048513e04dabfeb729c3fe2f6ca43','Warner Records',34,'');
INSERT INTO album VALUES('4mdZ4AxMYHZk3qE5jBmlzM','Conditions Of A Punk','day','2022-12-02','album','https://i.scdn.co/image/ab67616d0000b273c693deb0a087336920b871e5','https://i.scdn.co/image/ab67616d00001e02c693deb0a087336920b871e5','https://i.scdn.co/image/ab67616d00004851c693deb0a087336920b871e5','half·alive/RCA Records',61,'');
INSERT INTO album VALUES('4hMKcJUFZ4FbMGiJ1L5N1L','Dividends','day','2022-10-20','album','https://i.scdn.co/image/ab67616d0000b2738702c3c764a245520f18191d','https://i.scdn.co/image/ab67616d00001e028702c3c764a245520f18191d','https://i.scdn.co/image/ab67616d000048518702c3c764a245520f18191d','DWLLRS PS/ Island',44,'');
INSERT INTO album VALUES('12EdwhXy06N7coO7ZKqEdO','Falling Apart X I Wanted to Leave','day','2022-07-15','album','https://i.scdn.co/image/ab67616d0000b2739f9ba24d94ddac53421bf709','https://i.scdn.co/image/ab67616d00001e029f9ba24d94ddac53421bf709','https://i.scdn.co/image/ab67616d000048519f9ba24d94ddac53421bf709','Noel Schmidt',45,'');
INSERT INTO album VALUES('5VrMypyjjBGzObGwnEHIJO','Ma Fleur','day','2007-06-05','album','https://i.scdn.co/image/ab67616d0000b273bc4f2af489b7fca6cb18e933','https://i.scdn.co/image/ab67616d00001e02bc4f2af489b7fca6cb18e933','https://i.scdn.co/image/ab67616d00004851bc4f2af489b7fca6cb18e933','Domino Recording Co',62,'');
INSERT INTO album VALUES('1FAYVQdbkenE6cVtunUI5u','weight','day','2021-10-29','album','https://i.scdn.co/image/ab67616d0000b273e05a9935e29f8c216ea9d612','https://i.scdn.co/image/ab67616d00001e02e05a9935e29f8c216ea9d612','https://i.scdn.co/image/ab67616d00004851e05a9935e29f8c216ea9d612','The System',56,'');
INSERT INTO album VALUES('5zcMc4yNr5oWoF67bNpX6g','snowfall (Sped Up)','day','2022-06-03','album','https://i.scdn.co/image/ab67616d0000b27312d43f8a970af86c01430876','https://i.scdn.co/image/ab67616d00001e0212d43f8a970af86c01430876','https://i.scdn.co/image/ab67616d0000485112d43f8a970af86c01430876','Øneheart & reidenshi',66,'');
INSERT INTO album VALUES('0Qab5dU5hO17pcJdHirNlM','to build a home (slowed + reverb)','day','2022-06-13','album','https://i.scdn.co/image/ab67616d0000b273d27f0fbfdcbf823d692294d8','https://i.scdn.co/image/ab67616d00001e02d27f0fbfdcbf823d692294d8','https://i.scdn.co/image/ab67616d00004851d27f0fbfdcbf823d692294d8','11:11 Music Group',35,'');
INSERT INTO album VALUES('3Bb2nwKln7t7jzDoUzvIMY','Interstellar on Piano','day','2022-04-10','album','https://i.scdn.co/image/ab67616d0000b2731539e0369d073d4cfb0c5b5c','https://i.scdn.co/image/ab67616d00001e021539e0369d073d4cfb0c5b5c','https://i.scdn.co/image/ab67616d000048511539e0369d073d4cfb0c5b5c','Andy Morris',33,'');
INSERT INTO album VALUES('7dopFnnInju2yjJe127paH','Transitions','day','2019-11-22','album','https://i.scdn.co/image/ab67616d0000b273eb7082951d1d23ca2deb0789','https://i.scdn.co/image/ab67616d00001e02eb7082951d1d23ca2deb0789','https://i.scdn.co/image/ab67616d00004851eb7082951d1d23ca2deb0789','Memory Recordings',62,'');
INSERT INTO album VALUES('69oZot6vSZnvMHFjAcM4iq','Pluto Projector','day','2022-07-19','album','https://i.scdn.co/image/ab67616d0000b27398c8bd02ec3225ad34c68155','https://i.scdn.co/image/ab67616d00001e0298c8bd02ec3225ad34c68155','https://i.scdn.co/image/ab67616d0000485198c8bd02ec3225ad34c68155','remyboi',50,'');
INSERT INTO album VALUES('0kx40eim38UnNmJcZ3hxpw','rosyln (slowed + reverb)','day','2022-06-17','album','https://i.scdn.co/image/ab67616d0000b27357093e3a6ba479dfe77ffaa2','https://i.scdn.co/image/ab67616d00001e0257093e3a6ba479dfe77ffaa2','https://i.scdn.co/image/ab67616d0000485157093e3a6ba479dfe77ffaa2','11:11 Music Group',42,'');
INSERT INTO album VALUES('2IHFb3lm4YTVT9NKQlvDPO','where is my mind (piano version)','day','2022-03-11','album','https://i.scdn.co/image/ab67616d0000b273db989770c6a884a44fb9c6f5','https://i.scdn.co/image/ab67616d00001e02db989770c6a884a44fb9c6f5','https://i.scdn.co/image/ab67616d00004851db989770c6a884a44fb9c6f5','your movie soundtrack',43,'');
INSERT INTO album VALUES('4NRsGHlWBTl4rdLcq8CKcH','snowfall','day','2022-01-14','album','https://i.scdn.co/image/ab67616d0000b273ed50c8fe9503fd8d73d82f9f','https://i.scdn.co/image/ab67616d00001e02ed50c8fe9503fd8d73d82f9f','https://i.scdn.co/image/ab67616d00004851ed50c8fe9503fd8d73d82f9f','Øneheart & reidenshi',79,'');
INSERT INTO album VALUES('2XZXXXuThQ8JwPjoTcGIkF','Solas','day','2022-11-11','album','https://i.scdn.co/image/ab67616d0000b273c168adf1372ddc8dd33cd048','https://i.scdn.co/image/ab67616d00001e02c168adf1372ddc8dd33cd048','https://i.scdn.co/image/ab67616d00004851c168adf1372ddc8dd33cd048','Gibran Alcocer / Kurate Music',54,'');
INSERT INTO album VALUES('2D7n3im1n6of8bdRPHK0TR','You And The Night','day','2014-03-01','album','https://i.scdn.co/image/ab67616d0000b273d753dce0e96bc3a441eb4929','https://i.scdn.co/image/ab67616d00001e02d753dce0e96bc3a441eb4929','https://i.scdn.co/image/ab67616d00004851d753dce0e96bc3a441eb4929','Mute',48,'');
INSERT INTO album VALUES('61qZNYEcs1dWh2a1CljBRZ','Transitions III','day','2020-06-05','album','https://i.scdn.co/image/ab67616d0000b273966216889415ccc0235923ba','https://i.scdn.co/image/ab67616d00001e02966216889415ccc0235923ba','https://i.scdn.co/image/ab67616d00004851966216889415ccc0235923ba','Memory Recordings',62,'');
CREATE TABLE artist (
  artist_id  text primary key,
  name       text,
  popularity int,
  followers  int,
  genres     text
);
INSERT INTO artist VALUES('6K1Arugub6xpjLfkJfgCZL','Hinshi',44,3782,'lo-fi chill,sad lo-fi,sad rap');
INSERT INTO artist VALUES('5N5jf98OOEf3uAIJpi1deD','The Royston Club',45,23779,'welsh indie');
INSERT INTO artist VALUES('4lET4bWdSD116tQndRZ96X','Fallen Oceans',42,1091,'');
INSERT INTO artist VALUES('2i17uDAKnwPO7PlDT4nLaz','the bootleg boy',50,41149,'lo-fi chill,sad lo-fi,sad rap');
INSERT INTO artist VALUES('6wW4D3fGgRABc3cAotb0RS','Current Blue',46,7270,'bedroom soul');
INSERT INTO artist VALUES('502gYHkFCtLzBIcU4ctPLd','Zeph',65,74791,'gen z singer-songwriter,indie pop');
INSERT INTO artist VALUES('4lhUHpVOXmkEBGGHV71QCh','Chance Peña',66,76174,'indie folk');
INSERT INTO artist VALUES('6USv9qhCn6zfxlBQIYJ9qs','Dominic Fike',75,1028786,'alternative pop rock,pop');
INSERT INTO artist VALUES('34qyuX5yO72yzL8Z4JclBc','Nate Traveller',64,18351,'chill r&b,indie r&b');
INSERT INTO artist VALUES('5eNDu0xRakAeO0Za8pRIuG','Portair',49,11119,'indie anthem-folk');
INSERT INTO artist VALUES('1Fr6agZ6iSM5Ynn2k4C8sc','VÉRITÉ',54,303660,'alt z,art pop,brooklyn indie,dark pop,electropop,indie electropop,indie pop,indie poptimism,metropopolis,nyc pop,pop,vapor pop,vapor soul');
INSERT INTO artist VALUES('5JKePhHHAtaMvBoWuULgm6','Bennett Coast',52,16130,'chill pop');
INSERT INTO artist VALUES('6ykTQoJQsIFiHJg8IzOMu0','Caroline Culver',42,2644,'');
INSERT INTO artist VALUES('6kDXH8d9LugUAsHIozzDAI','Rosie Darling',64,53460,'alt z,pop');
INSERT INTO artist VALUES('5WMK3mhmT1MzIko40qoUJO','Mookigang',44,1887,'lo-fi chill,sad lo-fi');
INSERT INTO artist VALUES('67FB4n52MgexGQIG8s0yUH','Lola Young',58,71560,'uk pop');
INSERT INTO artist VALUES('26VFTg2z8YR0cCuwLzESi2','Halsey',85,19611773,'dance pop,electropop,etherpop,indie poptimism,pop');
INSERT INTO artist VALUES('4owATw6JCMuUxeWdh3eiyg','Beowülf',59,69226,'lo-fi chill,sad lo-fi,sad rap');
INSERT INTO artist VALUES('3XdU4Dq9V7PluphM2tjhIE','Henry AZ',45,11686,'');
INSERT INTO artist VALUES('6Lx82nbEVfeTfEa4yT01Jo','Ben Kessler',57,21178,'alt z,gen z singer-songwriter');
INSERT INTO artist VALUES('6V70yeZQCoSR2M3fyW8qiA','Spacey Jane',67,180041,'australian indie rock,fremantle indie,perth indie');
INSERT INTO artist VALUES('4hz8tIajF2INpgM0qzPJz2','Rainbow Kitten Surprise',74,895035,'modern rock');
INSERT INTO artist VALUES('4yvcSjfu4PC0CYQyLy4wSq','Glass Animals',80,3681301,'gauze pop,indietronica,shiver pop');
INSERT INTO artist VALUES('7uwY65fDg3FVJ8MkJ5QuZK','easy life',62,290609,'leicester indie,modern indie pop');
INSERT INTO artist VALUES('22vqVhfPJab5kkU9txDGX3','Q',63,168825,'indie r&b');
INSERT INTO artist VALUES('3hOdow4ZPmrby7Q1wfPLEy','Aries',63,324137,'pop,pop rap,sad rap');
INSERT INTO artist VALUES('6fC2AcsQtd9h4BWELbbire','Peach Pit',67,701204,'indie pop,indie rock,modern rock,vancouver indie');
INSERT INTO artist VALUES('5BhFZpE8kUGZJiKOsYjLQM','Yeek',55,213505,'hyperpop,indie r&b');
INSERT INTO artist VALUES('69tiO1fG8VWduDl3ji2qhI','Mt. Joy',70,345578,'indie folk,modern rock,stomp and holler');
INSERT INTO artist VALUES('3MZsBdqDrRTJihTHQrO6Dq','Joji',86,8151705,'pop,viral pop');
INSERT INTO artist VALUES('5fMUXHkw8R8eOP2RNVYEZX','Diplo',80,2535129,'edm,electro house,house,moombahton,pop,pop dance,tropical house');
INSERT INTO artist VALUES('6RhkgeqhRai3jy4ULSlxFx','Juliana Madrid',31,3324,'');
INSERT INTO artist VALUES('2NM1t8dMvgeu9Lfl06574g','Mishaal Tamer',59,43200,'lo-fi chill,sad lo-fi,sad rap');
INSERT INTO artist VALUES('63VNGVLbUJlPCUpnAFU9LL','kees.',28,713,'');
INSERT INTO artist VALUES('3STjhKc10jr3X60mDRpHV4','Anna Shoemaker',43,8999,'');
INSERT INTO artist VALUES('70fUpxdAr6t0LJw3xJmMhm','Motherfolk',48,20098,'cincinnati indie,indiecoustica,stomp and holler');
INSERT INTO artist VALUES('6CwfuxIqcltXDGjfZsMd9A','MARINA',76,4421209,'dance pop,electropop,metropopolis,pop,uk alternative pop');
INSERT INTO artist VALUES('6AyATGg7mDgBlZ4N5uNog0','SYML',74,601682,'pop');
INSERT INTO artist VALUES('3Ru5n2T3JIrjnSZhf2rinv','Braden Bales',61,49899,'');
INSERT INTO artist VALUES('7blXVKBSxdFZsIqlhdViKc','Valley',63,184750,'electropop,indie poptimism,indietronica,pop');
INSERT INTO artist VALUES('4iMO20EPodreIaEl8qW66y','Still Woozy',71,899425,'bedroom pop,oakland indie');
INSERT INTO artist VALUES('09T7VuMMHnOSMGjOv1nCSX','Vanisa Khamkhosy',29,4700,'');
INSERT INTO artist VALUES('5yvGiZLSWJTPBlZpVbPnEZ','Julia Wolf',53,36682,'alt z,electropop');
INSERT INTO artist VALUES('2cFrymmkijnjDg9SS92EPM','blackbear',80,4841909,'electropop,pop,pop rap');
INSERT INTO artist VALUES('5xkAtLTf309LAGZTbvULBn','Ruel',73,1839340,'alt z,australian alternative pop,dance pop,pop,post-teen pop');
INSERT INTO artist VALUES('2yLzlEFtIS0Q9UkyBZdQA7','Jessie Murph',73,492401,'alt z,pop');
INSERT INTO artist VALUES('1f2q4venkA2pATVTmWhS6Z','Lily Williams',48,27561,'');
INSERT INTO artist VALUES('7FvQR6QFfXmW18dyMqnHvv','Tommy Newport',49,34265,'indie r&b,kansas indie');
INSERT INTO artist VALUES('7MceGzCJ3bPNyErb440Izo','Mills',42,10061,'');
INSERT INTO artist VALUES('6eJa3zG1QZLRB3xgRuyxbm','Dayglow',70,872182,'austindie,indie rock,modern rock');
INSERT INTO artist VALUES('1Bl6wpkWCQ4KVgnASpvzzA','BROCKHAMPTON',71,2083719,'boy band,hip hop,rap');
INSERT INTO artist VALUES('7o96HO2zrujyATtVsqGhh3','Goth Babe',65,247113,'indie rock,modern rock');
INSERT INTO artist VALUES('1vnh2cDW2CgA5M1ya95mZG','Sarah and the Sundays',54,53967,'connecticut indie,indie pop,modern rock');
INSERT INTO artist VALUES('18CPEToK1OfjJ5B5vDBDKa','Weston Estate',61,98532,'chill r&b,indie r&b,pop');
INSERT INTO artist VALUES('2kMzxA8edU05hvMFU493zJ','Good Morning',62,165411,'experimental pop,indie garage rock,lo-fi indie');
INSERT INTO artist VALUES('716NhGYqD1jl2wI1Qkgq36','Bizarrap',90,9554973,'argentine hip hop,pop venezolano,trap argentino,trap latino,urbano latino');
INSERT INTO artist VALUES('52iwsT98xCoGgiGntTiR7K','Quevedo',91,1337027,'rap canario');
INSERT INTO artist VALUES('0b2GL7Y02vu50qieoQmw1w','IAmChino',59,87672,'cubaton,dominican pop,reggaeton');
INSERT INTO artist VALUES('0TnOYISbd1XYRBk9myaseg','Pitbull',85,9874896,'dance pop,miami hip hop,pop,pop rap');
INSERT INTO artist VALUES('25jJ6vyXwTRa0e6XCcdR6U','Ari Abdul',69,155660,'pop');
INSERT INTO artist VALUES('41dCbpok7A4uyNqbo3VVZ0','Tors',50,47440,'');
INSERT INTO artist VALUES('2I31z7Tf5sQYjLBaK45Mlk','nightlife',41,19988,'');
INSERT INTO artist VALUES('0gyHBKsQirO8hKG97MgDgV','Jacob Steele',28,953,'');
INSERT INTO artist VALUES('1yzsj3y6dbpXYqk3DPPl63','ICELANDIA',22,4618,'indie electropop');
INSERT INTO artist VALUES('5KKpBU5eC2tJDzf0wmlRp2','RAYE',84,774966,'dance pop,pop,uk contemporary r&b');
INSERT INTO artist VALUES('12Zk1DFhCbHY6v3xep2ZjI','070 Shake',82,438075,'new jersey rap');
INSERT INTO artist VALUES('2CXVeT982HeechgvKI3f2v','Devon',41,13722,'');
INSERT INTO artist VALUES('4XQI4hyuy5xun1ou3SM8Oe','Aidan Bissett',60,106556,'gen z singer-songwriter');
INSERT INTO artist VALUES('191tnItkCke3YcHpUxDOD9','MyKey',51,58084,'bedroom pop,indie pop');
INSERT INTO artist VALUES('7sOR7gk6XUlGnxj3p9F54k','half•alive',65,650049,'alt z,indie pop,modern alternative rock,modern rock');
INSERT INTO artist VALUES('2TviQllPVEQ7E68Yr4uPKR','DWLLRS',53,57361,'chill pop');
INSERT INTO artist VALUES('0ohCDowh0UVXpybpH34WQe','noel.smt',52,46984,'');
INSERT INTO artist VALUES('32ogthv0BdaSMPml02X9YB','The Cinematic Orchestra',66,603901,'downtempo,electronica,nu jazz');
INSERT INTO artist VALUES('4YFBzXjMSL5zHMlUDyocli','james king',57,7658,'');
INSERT INTO artist VALUES('0dgJbQ0bKPyUXco8hEXN7X','Øneheart',77,165601,'hardwave');
INSERT INTO artist VALUES('6SdlxyPsQ3B0yYncFmDULP','reidenshi',74,13685,'');
INSERT INTO artist VALUES('6U65hm7m0hVAVGV0SXNFMw','ghostly echoes',52,20380,'');
INSERT INTO artist VALUES('2uSVRVjYZ0PlJPdFHnBETu','creamy',72,24900,'lo-fi chill,sad lo-fi');
INSERT INTO artist VALUES('2MDj296KJIfgWDNBtHzeFi','11:11 Music Group',73,13785,'');
INSERT INTO artist VALUES('58lQAzmAxDD6di02MvAWkv','Andy Morris',37,13587,'');
INSERT INTO artist VALUES('0jrFMgW018F1XVnLtCXOKi','Fabrizio Paterlini',71,108054,'compositional ambient');
INSERT INTO artist VALUES('1LuKnVi3ApvvTNmaRCeMbQ','remyboi',43,264,'');
INSERT INTO artist VALUES('6n9hTZW4ZEKnOelT8awbxI','Bluberri',48,97,'');
INSERT INTO artist VALUES('3tHyDbXJjbWtjlTvvvQsEs','your movie soundtrack',50,3745,'');
INSERT INTO artist VALUES('5nWYvcpaqKtp08cYxjOfFr','Gibran Alcocer',62,55065,'');
INSERT INTO artist VALUES('63MQldklfxkjYDoUE4Tppz','M83',73,2193636,'french shoegaze,french synthpop,indietronica,metropopolis,neo-synthpop');
CREATE TABLE album_artist (
  album_id  text,
  artist_id text,
  foreign key (album_id) references album (album_id),
  foreign key (artist_id) references artist (artist_id)
);
INSERT INTO album_artist VALUES('6datNfWPAAbyGAap5GG5zq','6K1Arugub6xpjLfkJfgCZL');
INSERT INTO album_artist VALUES('76VaiS31Je9qRTRN7zRWav','5N5jf98OOEf3uAIJpi1deD');
INSERT INTO album_artist VALUES('4fu4zWWt1p2nfi8ZJVTJjd','4lET4bWdSD116tQndRZ96X');
INSERT INTO album_artist VALUES('4fu4zWWt1p2nfi8ZJVTJjd','2i17uDAKnwPO7PlDT4nLaz');
INSERT INTO album_artist VALUES('4yJE1Z4qZcF4gHgIOixcyh','6wW4D3fGgRABc3cAotb0RS');
INSERT INTO album_artist VALUES('5qNyLZnMwnZBv7NFXmChtV','502gYHkFCtLzBIcU4ctPLd');
INSERT INTO album_artist VALUES('5LjSnB8XhGUTQ47WAzdXJb','4lhUHpVOXmkEBGGHV71QCh');
INSERT INTO album_artist VALUES('05jbNkYoEQdjVDHEHtg1gY','6USv9qhCn6zfxlBQIYJ9qs');
INSERT INTO album_artist VALUES('3hzt5mEdhd9YF81TGH1pOx','34qyuX5yO72yzL8Z4JclBc');
INSERT INTO album_artist VALUES('7tHZf9HwjVlQjQ7JkAXWNE','5eNDu0xRakAeO0Za8pRIuG');
INSERT INTO album_artist VALUES('7tHZf9HwjVlQjQ7JkAXWNE','1Fr6agZ6iSM5Ynn2k4C8sc');
INSERT INTO album_artist VALUES('7LHDsa9C6lKPdhQoJtdCoH','5JKePhHHAtaMvBoWuULgm6');
INSERT INTO album_artist VALUES('2ha2R9dZOJ6B0aYnNanUwQ','502gYHkFCtLzBIcU4ctPLd');
INSERT INTO album_artist VALUES('5dTd90vjm7gvka1Jy3lB3q','6ykTQoJQsIFiHJg8IzOMu0');
INSERT INTO album_artist VALUES('1UlArx9Z3TTgNGwOQ2yubC','6kDXH8d9LugUAsHIozzDAI');
INSERT INTO album_artist VALUES('5W24xtDFpcakd6JTepCNfT','5WMK3mhmT1MzIko40qoUJO');
INSERT INTO album_artist VALUES('5onmM2jMU1bod6ybbehqAq','67FB4n52MgexGQIG8s0yUH');
INSERT INTO album_artist VALUES('68enXe5XcJdciSDAZr0Alr','26VFTg2z8YR0cCuwLzESi2');
INSERT INTO album_artist VALUES('33ABHEFBrhVxKwimVhBZ6B','4owATw6JCMuUxeWdh3eiyg');
INSERT INTO album_artist VALUES('33ABHEFBrhVxKwimVhBZ6B','3XdU4Dq9V7PluphM2tjhIE');
INSERT INTO album_artist VALUES('5tUM4uP2IVeOa5Lh4F0FzS','6Lx82nbEVfeTfEa4yT01Jo');
INSERT INTO album_artist VALUES('2DkQzt5cmb3Jy8ZQH4tBo9','6wW4D3fGgRABc3cAotb0RS');
INSERT INTO album_artist VALUES('3zZi1vy6CnNZX7lbcRJtXo','6V70yeZQCoSR2M3fyW8qiA');
INSERT INTO album_artist VALUES('7vXiklrUeffx5o2F8VYwm3','4hz8tIajF2INpgM0qzPJz2');
INSERT INTO album_artist VALUES('0KTj6k94XZh0c6IEMfxeWV','4yvcSjfu4PC0CYQyLy4wSq');
INSERT INTO album_artist VALUES('2xOawu4iq9fwcdFNvGBTdl','7uwY65fDg3FVJ8MkJ5QuZK');
INSERT INTO album_artist VALUES('0Jb9gNSi9ZuWoWB8gbsQQ7','22vqVhfPJab5kkU9txDGX3');
INSERT INTO album_artist VALUES('2NDlOOZNBvq6B26feV4gJc','3hOdow4ZPmrby7Q1wfPLEy');
INSERT INTO album_artist VALUES('6xduu32sm4aidoLhaxYkUA','6fC2AcsQtd9h4BWELbbire');
INSERT INTO album_artist VALUES('1ubh8g3vXgxNP5RGfSlO6d','34qyuX5yO72yzL8Z4JclBc');
INSERT INTO album_artist VALUES('4Xo5ZlQcMcw3k0WOCbEKmZ','5BhFZpE8kUGZJiKOsYjLQM');
INSERT INTO album_artist VALUES('5h9FO7QRZMcrcnSYvihQ01','69tiO1fG8VWduDl3ji2qhI');
INSERT INTO album_artist VALUES('1BubKJqf6Uc4fNae5kLJJ7','6USv9qhCn6zfxlBQIYJ9qs');
INSERT INTO album_artist VALUES('1jcNHi5D96aaD0T5f1OjFY','3MZsBdqDrRTJihTHQrO6Dq');
INSERT INTO album_artist VALUES('1jcNHi5D96aaD0T5f1OjFY','5fMUXHkw8R8eOP2RNVYEZX');
INSERT INTO album_artist VALUES('2uNNQws3ix4ZyVxueGd2un','6RhkgeqhRai3jy4ULSlxFx');
INSERT INTO album_artist VALUES('6YL2WtvA4gLbVU1Plnk5mT','2NM1t8dMvgeu9Lfl06574g');
INSERT INTO album_artist VALUES('1nLliOkHseMxsc47oyAHDJ','63VNGVLbUJlPCUpnAFU9LL');
INSERT INTO album_artist VALUES('2LhpR3TL7xqk8N4wJBTGIN','5JKePhHHAtaMvBoWuULgm6');
INSERT INTO album_artist VALUES('1vUcIP9rKpbAnouzD7UCXW','3STjhKc10jr3X60mDRpHV4');
INSERT INTO album_artist VALUES('4wOpcPLdWnzhU28kubGRXC','70fUpxdAr6t0LJw3xJmMhm');
INSERT INTO album_artist VALUES('5fa6oWFXuvaVkY49mfOsRd','6CwfuxIqcltXDGjfZsMd9A');
INSERT INTO album_artist VALUES('7dwAeKkbpzA4ELMDiacfcR','6AyATGg7mDgBlZ4N5uNog0');
INSERT INTO album_artist VALUES('418zZ5Y7Wds4r6JiIU0WEL','3Ru5n2T3JIrjnSZhf2rinv');
INSERT INTO album_artist VALUES('5CG9626TPlTSDlOlsVXafP','7blXVKBSxdFZsIqlhdViKc');
INSERT INTO album_artist VALUES('0QnWm07An8WyO3eupjBDoP','4iMO20EPodreIaEl8qW66y');
INSERT INTO album_artist VALUES('5AzPpusxP7djj8t5L2dLty','09T7VuMMHnOSMGjOv1nCSX');
INSERT INTO album_artist VALUES('1U0HbPRySU5K84eLnfIaTd','5yvGiZLSWJTPBlZpVbPnEZ');
INSERT INTO album_artist VALUES('6SW7IIrlj6LoWxDPinGeQp','5xkAtLTf309LAGZTbvULBn');
INSERT INTO album_artist VALUES('4MG8Z8BcUsNQFgJjMxzTWN','2yLzlEFtIS0Q9UkyBZdQA7');
INSERT INTO album_artist VALUES('2UPFK2Xdq6ZyDUVLj3aEc5','1f2q4venkA2pATVTmWhS6Z');
INSERT INTO album_artist VALUES('10dztCLuuvkNaQlOgWxbZz','7FvQR6QFfXmW18dyMqnHvv');
INSERT INTO album_artist VALUES('1jU9A4NHI3xVySNckr0HDn','34qyuX5yO72yzL8Z4JclBc');
INSERT INTO album_artist VALUES('7GYzQIMfdDWo2XC4BDLHPk','6eJa3zG1QZLRB3xgRuyxbm');
INSERT INTO album_artist VALUES('5a09nRt0ZS75T2PpjP1W0c','69tiO1fG8VWduDl3ji2qhI');
INSERT INTO album_artist VALUES('7bNubmdfctkLp7ltJE0pLy','1Bl6wpkWCQ4KVgnASpvzzA');
INSERT INTO album_artist VALUES('7m9rnbf4zM8BuHE3Llmyj0','7o96HO2zrujyATtVsqGhh3');
INSERT INTO album_artist VALUES('2TlvgNvgxFbdF6e6GO7lPt','1vnh2cDW2CgA5M1ya95mZG');
INSERT INTO album_artist VALUES('4XedVnZRFfk9n7uX601gvb','18CPEToK1OfjJ5B5vDBDKa');
INSERT INTO album_artist VALUES('7yM5Ngseisc5GlHyaWd0Cp','2kMzxA8edU05hvMFU493zJ');
INSERT INTO album_artist VALUES('4PNqWiJAfjj32hVvlchV5u','716NhGYqD1jl2wI1Qkgq36');
INSERT INTO album_artist VALUES('4PNqWiJAfjj32hVvlchV5u','52iwsT98xCoGgiGntTiR7K');
INSERT INTO album_artist VALUES('7r6a9NnWydms4uIjf9bH5C','0b2GL7Y02vu50qieoQmw1w');
INSERT INTO album_artist VALUES('7r6a9NnWydms4uIjf9bH5C','0TnOYISbd1XYRBk9myaseg');
INSERT INTO album_artist VALUES('6zvckLWDs3GtRAll4b0Cvl','25jJ6vyXwTRa0e6XCcdR6U');
INSERT INTO album_artist VALUES('3W527nPkx45Y4Bk49kbS2x','41dCbpok7A4uyNqbo3VVZ0');
INSERT INTO album_artist VALUES('777BczFgNRT1OpiJ2iQEQW','2I31z7Tf5sQYjLBaK45Mlk');
INSERT INTO album_artist VALUES('6M3ri7K9z1ymNIb8raIV9Z','0gyHBKsQirO8hKG97MgDgV');
INSERT INTO album_artist VALUES('3ebINvMV9ZlwSwFNvK3vTJ','1yzsj3y6dbpXYqk3DPPl63');
INSERT INTO album_artist VALUES('3omkMn8vbTKOebb9ABbqyb','5KKpBU5eC2tJDzf0wmlRp2');
INSERT INTO album_artist VALUES('25KP5rdvSlUzdZixsNBVva','2CXVeT982HeechgvKI3f2v');
INSERT INTO album_artist VALUES('6ZJonF00gkXNSTSI2PwyrC','4XQI4hyuy5xun1ou3SM8Oe');
INSERT INTO album_artist VALUES('66ED3RPjaYpk9YqYoO9Ey8','191tnItkCke3YcHpUxDOD9');
INSERT INTO album_artist VALUES('4mdZ4AxMYHZk3qE5jBmlzM','7sOR7gk6XUlGnxj3p9F54k');
INSERT INTO album_artist VALUES('4hMKcJUFZ4FbMGiJ1L5N1L','2TviQllPVEQ7E68Yr4uPKR');
INSERT INTO album_artist VALUES('12EdwhXy06N7coO7ZKqEdO','0ohCDowh0UVXpybpH34WQe');
INSERT INTO album_artist VALUES('5VrMypyjjBGzObGwnEHIJO','32ogthv0BdaSMPml02X9YB');
INSERT INTO album_artist VALUES('1FAYVQdbkenE6cVtunUI5u','4YFBzXjMSL5zHMlUDyocli');
INSERT INTO album_artist VALUES('5zcMc4yNr5oWoF67bNpX6g','0dgJbQ0bKPyUXco8hEXN7X');
INSERT INTO album_artist VALUES('5zcMc4yNr5oWoF67bNpX6g','6SdlxyPsQ3B0yYncFmDULP');
INSERT INTO album_artist VALUES('0Qab5dU5hO17pcJdHirNlM','6U65hm7m0hVAVGV0SXNFMw');
INSERT INTO album_artist VALUES('0Qab5dU5hO17pcJdHirNlM','2uSVRVjYZ0PlJPdFHnBETu');
INSERT INTO album_artist VALUES('0Qab5dU5hO17pcJdHirNlM','2MDj296KJIfgWDNBtHzeFi');
INSERT INTO album_artist VALUES('3Bb2nwKln7t7jzDoUzvIMY','58lQAzmAxDD6di02MvAWkv');
INSERT INTO album_artist VALUES('7dopFnnInju2yjJe127paH','0jrFMgW018F1XVnLtCXOKi');
INSERT INTO album_artist VALUES('69oZot6vSZnvMHFjAcM4iq','1LuKnVi3ApvvTNmaRCeMbQ');
INSERT INTO album_artist VALUES('0kx40eim38UnNmJcZ3hxpw','2uSVRVjYZ0PlJPdFHnBETu');
INSERT INTO album_artist VALUES('0kx40eim38UnNmJcZ3hxpw','6n9hTZW4ZEKnOelT8awbxI');
INSERT INTO album_artist VALUES('0kx40eim38UnNmJcZ3hxpw','2MDj296KJIfgWDNBtHzeFi');
INSERT INTO album_artist VALUES('2IHFb3lm4YTVT9NKQlvDPO','3tHyDbXJjbWtjlTvvvQsEs');
INSERT INTO album_artist VALUES('4NRsGHlWBTl4rdLcq8CKcH','0dgJbQ0bKPyUXco8hEXN7X');
INSERT INTO album_artist VALUES('4NRsGHlWBTl4rdLcq8CKcH','6SdlxyPsQ3B0yYncFmDULP');
INSERT INTO album_artist VALUES('2XZXXXuThQ8JwPjoTcGIkF','5nWYvcpaqKtp08cYxjOfFr');
INSERT INTO album_artist VALUES('2D7n3im1n6of8bdRPHK0TR','63MQldklfxkjYDoUE4Tppz');
INSERT INTO album_artist VALUES('61qZNYEcs1dWh2a1CljBRZ','0jrFMgW018F1XVnLtCXOKi');
CREATE TABLE track_artist (
  track_id  text,
  artist_id text,
  foreign key (track_id) references track (track_id),
  foreign key (artist_id) references artist (artist_id)
);
INSERT INTO track_artist VALUES('4YD8j84oe9UzTuklwTzz4R','6K1Arugub6xpjLfkJfgCZL');
INSERT INTO track_artist VALUES('0oTGWu0AVRjs5RXh1LQWW5','5N5jf98OOEf3uAIJpi1deD');
INSERT INTO track_artist VALUES('3l86L9DISKfqMWo55UvUSm','4lET4bWdSD116tQndRZ96X');
INSERT INTO track_artist VALUES('3l86L9DISKfqMWo55UvUSm','2i17uDAKnwPO7PlDT4nLaz');
INSERT INTO track_artist VALUES('0VpSpAYEc2DlNSmnxGyg6F','6wW4D3fGgRABc3cAotb0RS');
INSERT INTO track_artist VALUES('7g2ZfScI3hUoHAdpVO0P4Z','502gYHkFCtLzBIcU4ctPLd');
INSERT INTO track_artist VALUES('1MQLdI6RONvfjEz4K6ZRXp','4lhUHpVOXmkEBGGHV71QCh');
INSERT INTO track_artist VALUES('0lO1yt6M1l1OAs80M3vEfM','6USv9qhCn6zfxlBQIYJ9qs');
INSERT INTO track_artist VALUES('6xniBg7UJ03jcyvOgfWVJk','34qyuX5yO72yzL8Z4JclBc');
INSERT INTO track_artist VALUES('6UuUbGvNaGsNjCYOuyw18Y','5eNDu0xRakAeO0Za8pRIuG');
INSERT INTO track_artist VALUES('6UuUbGvNaGsNjCYOuyw18Y','1Fr6agZ6iSM5Ynn2k4C8sc');
INSERT INTO track_artist VALUES('1SfP1Z4kAi13YqQQbZ3g5k','5JKePhHHAtaMvBoWuULgm6');
INSERT INTO track_artist VALUES('6bsjNDCZQ1TwHI37AtAQ7K','502gYHkFCtLzBIcU4ctPLd');
INSERT INTO track_artist VALUES('1q2o5p3RJuMoeVWUszKDgH','6ykTQoJQsIFiHJg8IzOMu0');
INSERT INTO track_artist VALUES('4BoWM5jPzcJQTOehHM6rd4','6kDXH8d9LugUAsHIozzDAI');
INSERT INTO track_artist VALUES('3dlUwUhiRK1R2ywHXf92Ol','5WMK3mhmT1MzIko40qoUJO');
INSERT INTO track_artist VALUES('740fSe2KremXUF2V6e4KnG','67FB4n52MgexGQIG8s0yUH');
INSERT INTO track_artist VALUES('36WabQN781ejYiSWKQAzDD','502gYHkFCtLzBIcU4ctPLd');
INSERT INTO track_artist VALUES('2sOOXgEGB7nhKO8mmc1GhI','26VFTg2z8YR0cCuwLzESi2');
INSERT INTO track_artist VALUES('2sOOXgEGB7nhKO8mmc1GhI','6USv9qhCn6zfxlBQIYJ9qs');
INSERT INTO track_artist VALUES('2W6JJNZqmvjmesCEdGlhPZ','4owATw6JCMuUxeWdh3eiyg');
INSERT INTO track_artist VALUES('2W6JJNZqmvjmesCEdGlhPZ','3XdU4Dq9V7PluphM2tjhIE');
INSERT INTO track_artist VALUES('6FkfLkSw8ZfitnAnqVglqr','502gYHkFCtLzBIcU4ctPLd');
INSERT INTO track_artist VALUES('7yswZLCCf3jY67vhBO03oJ','6Lx82nbEVfeTfEa4yT01Jo');
INSERT INTO track_artist VALUES('38loOBAgDgCW4pFWyH9cey','6wW4D3fGgRABc3cAotb0RS');
INSERT INTO track_artist VALUES('1LdGcv246dZ321xFTrNUIe','6V70yeZQCoSR2M3fyW8qiA');
INSERT INTO track_artist VALUES('1TDdYSYLIXMJ4EiKO6ZCYk','4hz8tIajF2INpgM0qzPJz2');
INSERT INTO track_artist VALUES('45d0O3xhhDPV6fhT6aCu48','4yvcSjfu4PC0CYQyLy4wSq');
INSERT INTO track_artist VALUES('4MfLjVBgqn4e8fBKWJk6sU','7uwY65fDg3FVJ8MkJ5QuZK');
INSERT INTO track_artist VALUES('29kixq8kxaIuxN0TAZomaU','22vqVhfPJab5kkU9txDGX3');
INSERT INTO track_artist VALUES('47D4eGhHQvxoJS4xQv3tf1','3hOdow4ZPmrby7Q1wfPLEy');
INSERT INTO track_artist VALUES('65sNrvOp2HLlhGTeLJ0nnk','6fC2AcsQtd9h4BWELbbire');
INSERT INTO track_artist VALUES('0iRStxrY5NmQYzuSYnuoGg','34qyuX5yO72yzL8Z4JclBc');
INSERT INTO track_artist VALUES('75adejSrOgdhLRTOhUkuX2','6USv9qhCn6zfxlBQIYJ9qs');
INSERT INTO track_artist VALUES('7vQn8AxjCnao6q9oe7YTG9','5BhFZpE8kUGZJiKOsYjLQM');
INSERT INTO track_artist VALUES('7JdarpX08FLhmfNZpxqgUO','3hOdow4ZPmrby7Q1wfPLEy');
INSERT INTO track_artist VALUES('2bsC6KLZ6a9v6zdoDkziBL','69tiO1fG8VWduDl3ji2qhI');
INSERT INTO track_artist VALUES('3xLU29XDzxUllbDjLumKf7','6USv9qhCn6zfxlBQIYJ9qs');
INSERT INTO track_artist VALUES('6Ed1q0X8oSKSm4IIhiQbYg','3MZsBdqDrRTJihTHQrO6Dq');
INSERT INTO track_artist VALUES('6Ed1q0X8oSKSm4IIhiQbYg','5fMUXHkw8R8eOP2RNVYEZX');
INSERT INTO track_artist VALUES('1eCdsyHZVqHSi5jhwc4TLs','6RhkgeqhRai3jy4ULSlxFx');
INSERT INTO track_artist VALUES('5W5CKVhjDDRjd3PX13d3lG','2NM1t8dMvgeu9Lfl06574g');
INSERT INTO track_artist VALUES('1bKS3bkIgZueEattZXKQTS','63VNGVLbUJlPCUpnAFU9LL');
INSERT INTO track_artist VALUES('3j4P8ytkoDpBFePPrXHEbe','5JKePhHHAtaMvBoWuULgm6');
INSERT INTO track_artist VALUES('2JUvDYr4aKfI1Qg1dIefxZ','3STjhKc10jr3X60mDRpHV4');
INSERT INTO track_artist VALUES('34uXlhi3eN9jpO95CgeV0o','70fUpxdAr6t0LJw3xJmMhm');
INSERT INTO track_artist VALUES('458f6v8JPdsk6Qms2sddVm','6CwfuxIqcltXDGjfZsMd9A');
INSERT INTO track_artist VALUES('7gCMZGYUvujTe4OF64uvN3','6AyATGg7mDgBlZ4N5uNog0');
INSERT INTO track_artist VALUES('73ZWAySu4UX5LkpCM6zjYh','3Ru5n2T3JIrjnSZhf2rinv');
INSERT INTO track_artist VALUES('6BL3h2yQfMPIwBnc74c5sa','7blXVKBSxdFZsIqlhdViKc');
INSERT INTO track_artist VALUES('6YiR17DGpJa5r4X7RjwCwW','7blXVKBSxdFZsIqlhdViKc');
INSERT INTO track_artist VALUES('0HXiFFhg287d15ssjFaRZp','4iMO20EPodreIaEl8qW66y');
INSERT INTO track_artist VALUES('6iofGrOUEOT0uaAMz17a27','09T7VuMMHnOSMGjOv1nCSX');
INSERT INTO track_artist VALUES('0SGeEJ5gbYEZQMj3kFUzwR','5yvGiZLSWJTPBlZpVbPnEZ');
INSERT INTO track_artist VALUES('0SGeEJ5gbYEZQMj3kFUzwR','2cFrymmkijnjDg9SS92EPM');
INSERT INTO track_artist VALUES('7eP9kTIDDkOkv9sqJEZyUT','5xkAtLTf309LAGZTbvULBn');
INSERT INTO track_artist VALUES('3lXEoPxZMDiMNeE4ea5nct','2yLzlEFtIS0Q9UkyBZdQA7');
INSERT INTO track_artist VALUES('34h9Wr114K0EjlFsjITrMW','1f2q4venkA2pATVTmWhS6Z');
INSERT INTO track_artist VALUES('1wJWwgCNRoPnp5nelPCy6W','7FvQR6QFfXmW18dyMqnHvv');
INSERT INTO track_artist VALUES('2ruVNhIUh7AUYUhbAvzLoB','34qyuX5yO72yzL8Z4JclBc');
INSERT INTO track_artist VALUES('2ruVNhIUh7AUYUhbAvzLoB','7MceGzCJ3bPNyErb440Izo');
INSERT INTO track_artist VALUES('3X7v1y9g6psZQjZZwtZkm4','6eJa3zG1QZLRB3xgRuyxbm');
INSERT INTO track_artist VALUES('7412fpVfB2PSSb1nENQczC','69tiO1fG8VWduDl3ji2qhI');
INSERT INTO track_artist VALUES('0UYuRLB2wbG7X19Hd5DeQ2','1Bl6wpkWCQ4KVgnASpvzzA');
INSERT INTO track_artist VALUES('3vQYcH9krDAkYqPJILas3J','7o96HO2zrujyATtVsqGhh3');
INSERT INTO track_artist VALUES('32h65LacMUd5hTol2JgQOU','1vnh2cDW2CgA5M1ya95mZG');
INSERT INTO track_artist VALUES('06nKF46jG8p1zwyP4ziAyG','18CPEToK1OfjJ5B5vDBDKa');
INSERT INTO track_artist VALUES('3koAwrM1RO0TGMeQJ3qt9J','2kMzxA8edU05hvMFU493zJ');
INSERT INTO track_artist VALUES('2tTmW7RDtMQtBk7m2rYeSw','716NhGYqD1jl2wI1Qkgq36');
INSERT INTO track_artist VALUES('2tTmW7RDtMQtBk7m2rYeSw','52iwsT98xCoGgiGntTiR7K');
INSERT INTO track_artist VALUES('7hmebsI3sCMzANWFcNiCMh','0b2GL7Y02vu50qieoQmw1w');
INSERT INTO track_artist VALUES('7hmebsI3sCMzANWFcNiCMh','0TnOYISbd1XYRBk9myaseg');
INSERT INTO track_artist VALUES('0Njbfdqov90zIfAXZl7hIf','25jJ6vyXwTRa0e6XCcdR6U');
INSERT INTO track_artist VALUES('0OfyukXnVEUlPYCisGPda5','41dCbpok7A4uyNqbo3VVZ0');
INSERT INTO track_artist VALUES('7733GPKciBMwOYBGVgCK7f','2I31z7Tf5sQYjLBaK45Mlk');
INSERT INTO track_artist VALUES('2IgQIHi4kab7w49IbYQNo7','0gyHBKsQirO8hKG97MgDgV');
INSERT INTO track_artist VALUES('0o4z9a1hPLutLeNY68wdgg','1yzsj3y6dbpXYqk3DPPl63');
INSERT INTO track_artist VALUES('5Z2MiIZ5I3jJvvmeWMLbOQ','5KKpBU5eC2tJDzf0wmlRp2');
INSERT INTO track_artist VALUES('5Z2MiIZ5I3jJvvmeWMLbOQ','12Zk1DFhCbHY6v3xep2ZjI');
INSERT INTO track_artist VALUES('7FLeEtkIM3ptfwLjF8HMz8','2CXVeT982HeechgvKI3f2v');
INSERT INTO track_artist VALUES('7mzPAftljnsFmU6131Pqcd','4XQI4hyuy5xun1ou3SM8Oe');
INSERT INTO track_artist VALUES('0jAThma0aTSxfZIN268GJh','191tnItkCke3YcHpUxDOD9');
INSERT INTO track_artist VALUES('6uc6et9rL6dHhdnLc5LsFP','7sOR7gk6XUlGnxj3p9F54k');
INSERT INTO track_artist VALUES('6wVgp48zEWftYjf6R5fXFt','2TviQllPVEQ7E68Yr4uPKR');
INSERT INTO track_artist VALUES('2QY8fvsw7ANHp2J7BzgD8J','0ohCDowh0UVXpybpH34WQe');
INSERT INTO track_artist VALUES('4jSuthawb7fitf3Wx3MqVM','32ogthv0BdaSMPml02X9YB');
INSERT INTO track_artist VALUES('3Yf61qBDL0y5pVSGANYifS','4YFBzXjMSL5zHMlUDyocli');
INSERT INTO track_artist VALUES('2kU3tL5BVXkFLefXLy8pBi','0dgJbQ0bKPyUXco8hEXN7X');
INSERT INTO track_artist VALUES('2kU3tL5BVXkFLefXLy8pBi','6SdlxyPsQ3B0yYncFmDULP');
INSERT INTO track_artist VALUES('2NQPp4MGG38qfnBIE8AD0i','6U65hm7m0hVAVGV0SXNFMw');
INSERT INTO track_artist VALUES('2NQPp4MGG38qfnBIE8AD0i','2uSVRVjYZ0PlJPdFHnBETu');
INSERT INTO track_artist VALUES('2NQPp4MGG38qfnBIE8AD0i','2MDj296KJIfgWDNBtHzeFi');
INSERT INTO track_artist VALUES('06Muk6IyarouV5CXeQ2yBN','58lQAzmAxDD6di02MvAWkv');
INSERT INTO track_artist VALUES('5mNxeXWzSicgZ1nCtF1B02','0jrFMgW018F1XVnLtCXOKi');
INSERT INTO track_artist VALUES('7nNwFai7AvX0B2bDeihlMv','1LuKnVi3ApvvTNmaRCeMbQ');
INSERT INTO track_artist VALUES('2oPbfMcJUWpvanDtfz7RWx','2uSVRVjYZ0PlJPdFHnBETu');
INSERT INTO track_artist VALUES('2oPbfMcJUWpvanDtfz7RWx','6n9hTZW4ZEKnOelT8awbxI');
INSERT INTO track_artist VALUES('2oPbfMcJUWpvanDtfz7RWx','2MDj296KJIfgWDNBtHzeFi');
INSERT INTO track_artist VALUES('7ggnbOaIL5u5unRbcL31ke','3tHyDbXJjbWtjlTvvvQsEs');
INSERT INTO track_artist VALUES('4xF4ZBGPZKxECeDFrqSAG4','0dgJbQ0bKPyUXco8hEXN7X');
INSERT INTO track_artist VALUES('4xF4ZBGPZKxECeDFrqSAG4','6SdlxyPsQ3B0yYncFmDULP');
INSERT INTO track_artist VALUES('0yfMign5fsLtw5I4pK73ge','5nWYvcpaqKtp08cYxjOfFr');
INSERT INTO track_artist VALUES('0aGA1zFV0ER1xLiJmHxb2s','63MQldklfxkjYDoUE4Tppz');
INSERT INTO track_artist VALUES('0gUh6WRbifM4HQ4q8nhsrw','0jrFMgW018F1XVnLtCXOKi');
CREATE TABLE event (
  action             text,
  prev_progress      int,
  prev_timestamp     int,
  prev_track_id      text,
  -- Below is just the state
  timestamp          int,
  api_timestamp      real,
  track_id           text, -- No FK to track as there may not be an existing track
  progress_ms        int,
  duration_ms        int,
  is_playing         int,
  repeat             int,
  shuffle_state      int,
  device_id          text,
  device_active      int,
  volume_percent     int,
  device_type        text,
  name               text
);
CREATE TABLE genre (
  id integer primary key autoincrement,
  name text unique not null
);
INSERT INTO genre VALUES(1,'alt z');
INSERT INTO genre VALUES(2,'gen z singer-songwriter');
INSERT INTO genre VALUES(3,'chill r&b');
INSERT INTO genre VALUES(4,'indie r&b');
INSERT INTO genre VALUES(5,'lo-fi chill');
INSERT INTO genre VALUES(6,'sad lo-fi');
INSERT INTO genre VALUES(7,'gauze pop');
INSERT INTO genre VALUES(8,'indietronica');
INSERT INTO genre VALUES(9,'shiver pop');
INSERT INTO genre VALUES(10,'indie pop');
INSERT INTO genre VALUES(11,'bedroom soul');
INSERT INTO genre VALUES(12,'indie rock');
INSERT INTO genre VALUES(13,'modern rock');
INSERT INTO genre VALUES(14,'vancouver indie');
INSERT INTO genre VALUES(15,'edm');
INSERT INTO genre VALUES(16,'electro house');
INSERT INTO genre VALUES(17,'house');
INSERT INTO genre VALUES(18,'moombahton');
INSERT INTO genre VALUES(19,'pop');
INSERT INTO genre VALUES(20,'pop dance');
INSERT INTO genre VALUES(21,'tropical house');
INSERT INTO genre VALUES(22,'welsh indie');
INSERT INTO genre VALUES(23,'sad rap');
INSERT INTO genre VALUES(24,'leicester indie');
INSERT INTO genre VALUES(25,'modern indie pop');
INSERT INTO genre VALUES(26,'uk pop');
INSERT INTO genre VALUES(27,'pop rap');
INSERT INTO genre VALUES(28,'viral pop');
INSERT INTO genre VALUES(29,'dance pop');
INSERT INTO genre VALUES(30,'electropop');
INSERT INTO genre VALUES(31,'etherpop');
INSERT INTO genre VALUES(32,'indie poptimism');
INSERT INTO genre VALUES(33,'hyperpop');
INSERT INTO genre VALUES(34,'art pop');
INSERT INTO genre VALUES(35,'brooklyn indie');
INSERT INTO genre VALUES(36,'dark pop');
INSERT INTO genre VALUES(37,'indie electropop');
INSERT INTO genre VALUES(38,'metropopolis');
INSERT INTO genre VALUES(39,'nyc pop');
INSERT INTO genre VALUES(40,'vapor pop');
INSERT INTO genre VALUES(41,'vapor soul');
INSERT INTO genre VALUES(42,'indie folk');
INSERT INTO genre VALUES(43,'chill pop');
INSERT INTO genre VALUES(44,'indie anthem-folk');
INSERT INTO genre VALUES(45,'stomp and holler');
INSERT INTO genre VALUES(46,'alternative pop rock');
INSERT INTO genre VALUES(47,'australian indie rock');
INSERT INTO genre VALUES(48,'fremantle indie');
INSERT INTO genre VALUES(49,'perth indie');
INSERT INTO genre VALUES(50,'cincinnati indie');
INSERT INTO genre VALUES(51,'indiecoustica');
INSERT INTO genre VALUES(52,'uk alternative pop');
INSERT INTO genre VALUES(53,'bedroom pop');
INSERT INTO genre VALUES(54,'oakland indie');
INSERT INTO genre VALUES(55,'australian alternative pop');
INSERT INTO genre VALUES(56,'post-teen pop');
INSERT INTO genre VALUES(57,'uk contemporary r&b');
INSERT INTO genre VALUES(58,'rap canario');
INSERT INTO genre VALUES(59,'experimental pop');
INSERT INTO genre VALUES(60,'indie garage rock');
INSERT INTO genre VALUES(61,'lo-fi indie');
INSERT INTO genre VALUES(62,'argentine hip hop');
INSERT INTO genre VALUES(63,'pop venezolano');
INSERT INTO genre VALUES(64,'trap argentino');
INSERT INTO genre VALUES(65,'trap latino');
INSERT INTO genre VALUES(66,'urbano latino');
INSERT INTO genre VALUES(67,'new jersey rap');
INSERT INTO genre VALUES(68,'kansas indie');
INSERT INTO genre VALUES(69,'modern alternative rock');
INSERT INTO genre VALUES(70,'austindie');
INSERT INTO genre VALUES(71,'connecticut indie');
INSERT INTO genre VALUES(72,'cubaton');
INSERT INTO genre VALUES(73,'dominican pop');
INSERT INTO genre VALUES(74,'reggaeton');
INSERT INTO genre VALUES(75,'boy band');
INSERT INTO genre VALUES(76,'hip hop');
INSERT INTO genre VALUES(77,'rap');
INSERT INTO genre VALUES(78,'miami hip hop');
INSERT INTO genre VALUES(79,'hardwave');
INSERT INTO genre VALUES(80,'downtempo');
INSERT INTO genre VALUES(81,'electronica');
INSERT INTO genre VALUES(82,'nu jazz');
INSERT INTO genre VALUES(83,'compositional ambient');
INSERT INTO genre VALUES(84,'french shoegaze');
INSERT INTO genre VALUES(85,'french synthpop');
INSERT INTO genre VALUES(86,'neo-synthpop');
CREATE TABLE artist_genre (
  artist_id text,
  genre_id int,
  foreign key (artist_id) references artist (artist_id),
  foreign key (genre_id) references genre (id)
);
INSERT INTO artist_genre VALUES('6Lx82nbEVfeTfEa4yT01Jo',1);
INSERT INTO artist_genre VALUES('6Lx82nbEVfeTfEa4yT01Jo',2);
INSERT INTO artist_genre VALUES('34qyuX5yO72yzL8Z4JclBc',3);
INSERT INTO artist_genre VALUES('34qyuX5yO72yzL8Z4JclBc',4);
INSERT INTO artist_genre VALUES('5WMK3mhmT1MzIko40qoUJO',5);
INSERT INTO artist_genre VALUES('5WMK3mhmT1MzIko40qoUJO',6);
INSERT INTO artist_genre VALUES('4yvcSjfu4PC0CYQyLy4wSq',7);
INSERT INTO artist_genre VALUES('4yvcSjfu4PC0CYQyLy4wSq',8);
INSERT INTO artist_genre VALUES('4yvcSjfu4PC0CYQyLy4wSq',9);
INSERT INTO artist_genre VALUES('502gYHkFCtLzBIcU4ctPLd',2);
INSERT INTO artist_genre VALUES('502gYHkFCtLzBIcU4ctPLd',10);
INSERT INTO artist_genre VALUES('6wW4D3fGgRABc3cAotb0RS',11);
INSERT INTO artist_genre VALUES('22vqVhfPJab5kkU9txDGX3',4);
INSERT INTO artist_genre VALUES('6fC2AcsQtd9h4BWELbbire',10);
INSERT INTO artist_genre VALUES('6fC2AcsQtd9h4BWELbbire',12);
INSERT INTO artist_genre VALUES('6fC2AcsQtd9h4BWELbbire',13);
INSERT INTO artist_genre VALUES('6fC2AcsQtd9h4BWELbbire',14);
INSERT INTO artist_genre VALUES('4hz8tIajF2INpgM0qzPJz2',13);
INSERT INTO artist_genre VALUES('5fMUXHkw8R8eOP2RNVYEZX',15);
INSERT INTO artist_genre VALUES('5fMUXHkw8R8eOP2RNVYEZX',16);
INSERT INTO artist_genre VALUES('5fMUXHkw8R8eOP2RNVYEZX',17);
INSERT INTO artist_genre VALUES('5fMUXHkw8R8eOP2RNVYEZX',18);
INSERT INTO artist_genre VALUES('5fMUXHkw8R8eOP2RNVYEZX',19);
INSERT INTO artist_genre VALUES('5fMUXHkw8R8eOP2RNVYEZX',20);
INSERT INTO artist_genre VALUES('5fMUXHkw8R8eOP2RNVYEZX',21);
INSERT INTO artist_genre VALUES('5N5jf98OOEf3uAIJpi1deD',22);
INSERT INTO artist_genre VALUES('6K1Arugub6xpjLfkJfgCZL',5);
INSERT INTO artist_genre VALUES('6K1Arugub6xpjLfkJfgCZL',6);
INSERT INTO artist_genre VALUES('6K1Arugub6xpjLfkJfgCZL',23);
INSERT INTO artist_genre VALUES('7uwY65fDg3FVJ8MkJ5QuZK',24);
INSERT INTO artist_genre VALUES('7uwY65fDg3FVJ8MkJ5QuZK',25);
INSERT INTO artist_genre VALUES('67FB4n52MgexGQIG8s0yUH',26);
INSERT INTO artist_genre VALUES('3hOdow4ZPmrby7Q1wfPLEy',19);
INSERT INTO artist_genre VALUES('3hOdow4ZPmrby7Q1wfPLEy',27);
INSERT INTO artist_genre VALUES('3hOdow4ZPmrby7Q1wfPLEy',23);
INSERT INTO artist_genre VALUES('4owATw6JCMuUxeWdh3eiyg',5);
INSERT INTO artist_genre VALUES('4owATw6JCMuUxeWdh3eiyg',6);
INSERT INTO artist_genre VALUES('4owATw6JCMuUxeWdh3eiyg',23);
INSERT INTO artist_genre VALUES('3MZsBdqDrRTJihTHQrO6Dq',19);
INSERT INTO artist_genre VALUES('3MZsBdqDrRTJihTHQrO6Dq',28);
INSERT INTO artist_genre VALUES('26VFTg2z8YR0cCuwLzESi2',29);
INSERT INTO artist_genre VALUES('26VFTg2z8YR0cCuwLzESi2',30);
INSERT INTO artist_genre VALUES('26VFTg2z8YR0cCuwLzESi2',31);
INSERT INTO artist_genre VALUES('26VFTg2z8YR0cCuwLzESi2',32);
INSERT INTO artist_genre VALUES('26VFTg2z8YR0cCuwLzESi2',19);
INSERT INTO artist_genre VALUES('5BhFZpE8kUGZJiKOsYjLQM',33);
INSERT INTO artist_genre VALUES('5BhFZpE8kUGZJiKOsYjLQM',4);
INSERT INTO artist_genre VALUES('1Fr6agZ6iSM5Ynn2k4C8sc',1);
INSERT INTO artist_genre VALUES('1Fr6agZ6iSM5Ynn2k4C8sc',34);
INSERT INTO artist_genre VALUES('1Fr6agZ6iSM5Ynn2k4C8sc',35);
INSERT INTO artist_genre VALUES('1Fr6agZ6iSM5Ynn2k4C8sc',36);
INSERT INTO artist_genre VALUES('1Fr6agZ6iSM5Ynn2k4C8sc',30);
INSERT INTO artist_genre VALUES('1Fr6agZ6iSM5Ynn2k4C8sc',37);
INSERT INTO artist_genre VALUES('1Fr6agZ6iSM5Ynn2k4C8sc',10);
INSERT INTO artist_genre VALUES('1Fr6agZ6iSM5Ynn2k4C8sc',32);
INSERT INTO artist_genre VALUES('1Fr6agZ6iSM5Ynn2k4C8sc',38);
INSERT INTO artist_genre VALUES('1Fr6agZ6iSM5Ynn2k4C8sc',39);
INSERT INTO artist_genre VALUES('1Fr6agZ6iSM5Ynn2k4C8sc',19);
INSERT INTO artist_genre VALUES('1Fr6agZ6iSM5Ynn2k4C8sc',40);
INSERT INTO artist_genre VALUES('1Fr6agZ6iSM5Ynn2k4C8sc',41);
INSERT INTO artist_genre VALUES('4lhUHpVOXmkEBGGHV71QCh',42);
INSERT INTO artist_genre VALUES('5JKePhHHAtaMvBoWuULgm6',43);
INSERT INTO artist_genre VALUES('5eNDu0xRakAeO0Za8pRIuG',44);
INSERT INTO artist_genre VALUES('6kDXH8d9LugUAsHIozzDAI',1);
INSERT INTO artist_genre VALUES('6kDXH8d9LugUAsHIozzDAI',19);
INSERT INTO artist_genre VALUES('2i17uDAKnwPO7PlDT4nLaz',5);
INSERT INTO artist_genre VALUES('2i17uDAKnwPO7PlDT4nLaz',6);
INSERT INTO artist_genre VALUES('2i17uDAKnwPO7PlDT4nLaz',23);
INSERT INTO artist_genre VALUES('69tiO1fG8VWduDl3ji2qhI',42);
INSERT INTO artist_genre VALUES('69tiO1fG8VWduDl3ji2qhI',13);
INSERT INTO artist_genre VALUES('69tiO1fG8VWduDl3ji2qhI',45);
INSERT INTO artist_genre VALUES('6USv9qhCn6zfxlBQIYJ9qs',46);
INSERT INTO artist_genre VALUES('6USv9qhCn6zfxlBQIYJ9qs',19);
INSERT INTO artist_genre VALUES('6V70yeZQCoSR2M3fyW8qiA',47);
INSERT INTO artist_genre VALUES('6V70yeZQCoSR2M3fyW8qiA',48);
INSERT INTO artist_genre VALUES('6V70yeZQCoSR2M3fyW8qiA',49);
INSERT INTO artist_genre VALUES('2NM1t8dMvgeu9Lfl06574g',5);
INSERT INTO artist_genre VALUES('2NM1t8dMvgeu9Lfl06574g',6);
INSERT INTO artist_genre VALUES('2NM1t8dMvgeu9Lfl06574g',23);
INSERT INTO artist_genre VALUES('70fUpxdAr6t0LJw3xJmMhm',50);
INSERT INTO artist_genre VALUES('70fUpxdAr6t0LJw3xJmMhm',51);
INSERT INTO artist_genre VALUES('70fUpxdAr6t0LJw3xJmMhm',45);
INSERT INTO artist_genre VALUES('6CwfuxIqcltXDGjfZsMd9A',29);
INSERT INTO artist_genre VALUES('6CwfuxIqcltXDGjfZsMd9A',30);
INSERT INTO artist_genre VALUES('6CwfuxIqcltXDGjfZsMd9A',38);
INSERT INTO artist_genre VALUES('6CwfuxIqcltXDGjfZsMd9A',19);
INSERT INTO artist_genre VALUES('6CwfuxIqcltXDGjfZsMd9A',52);
INSERT INTO artist_genre VALUES('6AyATGg7mDgBlZ4N5uNog0',19);
INSERT INTO artist_genre VALUES('7blXVKBSxdFZsIqlhdViKc',30);
INSERT INTO artist_genre VALUES('7blXVKBSxdFZsIqlhdViKc',32);
INSERT INTO artist_genre VALUES('7blXVKBSxdFZsIqlhdViKc',8);
INSERT INTO artist_genre VALUES('7blXVKBSxdFZsIqlhdViKc',19);
INSERT INTO artist_genre VALUES('4iMO20EPodreIaEl8qW66y',53);
INSERT INTO artist_genre VALUES('4iMO20EPodreIaEl8qW66y',54);
INSERT INTO artist_genre VALUES('2yLzlEFtIS0Q9UkyBZdQA7',1);
INSERT INTO artist_genre VALUES('2yLzlEFtIS0Q9UkyBZdQA7',19);
INSERT INTO artist_genre VALUES('5xkAtLTf309LAGZTbvULBn',1);
INSERT INTO artist_genre VALUES('5xkAtLTf309LAGZTbvULBn',55);
INSERT INTO artist_genre VALUES('5xkAtLTf309LAGZTbvULBn',29);
INSERT INTO artist_genre VALUES('5xkAtLTf309LAGZTbvULBn',19);
INSERT INTO artist_genre VALUES('5xkAtLTf309LAGZTbvULBn',56);
INSERT INTO artist_genre VALUES('2cFrymmkijnjDg9SS92EPM',30);
INSERT INTO artist_genre VALUES('2cFrymmkijnjDg9SS92EPM',19);
INSERT INTO artist_genre VALUES('2cFrymmkijnjDg9SS92EPM',27);
INSERT INTO artist_genre VALUES('5yvGiZLSWJTPBlZpVbPnEZ',1);
INSERT INTO artist_genre VALUES('5yvGiZLSWJTPBlZpVbPnEZ',30);
INSERT INTO artist_genre VALUES('7o96HO2zrujyATtVsqGhh3',12);
INSERT INTO artist_genre VALUES('7o96HO2zrujyATtVsqGhh3',13);
INSERT INTO artist_genre VALUES('2TviQllPVEQ7E68Yr4uPKR',43);
INSERT INTO artist_genre VALUES('5KKpBU5eC2tJDzf0wmlRp2',29);
INSERT INTO artist_genre VALUES('5KKpBU5eC2tJDzf0wmlRp2',19);
INSERT INTO artist_genre VALUES('5KKpBU5eC2tJDzf0wmlRp2',57);
INSERT INTO artist_genre VALUES('18CPEToK1OfjJ5B5vDBDKa',3);
INSERT INTO artist_genre VALUES('18CPEToK1OfjJ5B5vDBDKa',4);
INSERT INTO artist_genre VALUES('18CPEToK1OfjJ5B5vDBDKa',19);
INSERT INTO artist_genre VALUES('52iwsT98xCoGgiGntTiR7K',58);
INSERT INTO artist_genre VALUES('25jJ6vyXwTRa0e6XCcdR6U',19);
INSERT INTO artist_genre VALUES('191tnItkCke3YcHpUxDOD9',53);
INSERT INTO artist_genre VALUES('191tnItkCke3YcHpUxDOD9',10);
INSERT INTO artist_genre VALUES('2kMzxA8edU05hvMFU493zJ',59);
INSERT INTO artist_genre VALUES('2kMzxA8edU05hvMFU493zJ',60);
INSERT INTO artist_genre VALUES('2kMzxA8edU05hvMFU493zJ',61);
INSERT INTO artist_genre VALUES('716NhGYqD1jl2wI1Qkgq36',62);
INSERT INTO artist_genre VALUES('716NhGYqD1jl2wI1Qkgq36',63);
INSERT INTO artist_genre VALUES('716NhGYqD1jl2wI1Qkgq36',64);
INSERT INTO artist_genre VALUES('716NhGYqD1jl2wI1Qkgq36',65);
INSERT INTO artist_genre VALUES('716NhGYqD1jl2wI1Qkgq36',66);
INSERT INTO artist_genre VALUES('12Zk1DFhCbHY6v3xep2ZjI',67);
INSERT INTO artist_genre VALUES('7FvQR6QFfXmW18dyMqnHvv',4);
INSERT INTO artist_genre VALUES('7FvQR6QFfXmW18dyMqnHvv',68);
INSERT INTO artist_genre VALUES('4XQI4hyuy5xun1ou3SM8Oe',2);
INSERT INTO artist_genre VALUES('7sOR7gk6XUlGnxj3p9F54k',1);
INSERT INTO artist_genre VALUES('7sOR7gk6XUlGnxj3p9F54k',10);
INSERT INTO artist_genre VALUES('7sOR7gk6XUlGnxj3p9F54k',69);
INSERT INTO artist_genre VALUES('7sOR7gk6XUlGnxj3p9F54k',13);
INSERT INTO artist_genre VALUES('6eJa3zG1QZLRB3xgRuyxbm',70);
INSERT INTO artist_genre VALUES('6eJa3zG1QZLRB3xgRuyxbm',12);
INSERT INTO artist_genre VALUES('6eJa3zG1QZLRB3xgRuyxbm',13);
INSERT INTO artist_genre VALUES('1vnh2cDW2CgA5M1ya95mZG',71);
INSERT INTO artist_genre VALUES('1vnh2cDW2CgA5M1ya95mZG',10);
INSERT INTO artist_genre VALUES('1vnh2cDW2CgA5M1ya95mZG',13);
INSERT INTO artist_genre VALUES('1yzsj3y6dbpXYqk3DPPl63',37);
INSERT INTO artist_genre VALUES('0b2GL7Y02vu50qieoQmw1w',72);
INSERT INTO artist_genre VALUES('0b2GL7Y02vu50qieoQmw1w',73);
INSERT INTO artist_genre VALUES('0b2GL7Y02vu50qieoQmw1w',74);
INSERT INTO artist_genre VALUES('1Bl6wpkWCQ4KVgnASpvzzA',75);
INSERT INTO artist_genre VALUES('1Bl6wpkWCQ4KVgnASpvzzA',76);
INSERT INTO artist_genre VALUES('1Bl6wpkWCQ4KVgnASpvzzA',77);
INSERT INTO artist_genre VALUES('0TnOYISbd1XYRBk9myaseg',29);
INSERT INTO artist_genre VALUES('0TnOYISbd1XYRBk9myaseg',78);
INSERT INTO artist_genre VALUES('0TnOYISbd1XYRBk9myaseg',19);
INSERT INTO artist_genre VALUES('0TnOYISbd1XYRBk9myaseg',27);
INSERT INTO artist_genre VALUES('0dgJbQ0bKPyUXco8hEXN7X',79);
INSERT INTO artist_genre VALUES('32ogthv0BdaSMPml02X9YB',80);
INSERT INTO artist_genre VALUES('32ogthv0BdaSMPml02X9YB',81);
INSERT INTO artist_genre VALUES('32ogthv0BdaSMPml02X9YB',82);
INSERT INTO artist_genre VALUES('2uSVRVjYZ0PlJPdFHnBETu',5);
INSERT INTO artist_genre VALUES('2uSVRVjYZ0PlJPdFHnBETu',6);
INSERT INTO artist_genre VALUES('0jrFMgW018F1XVnLtCXOKi',83);
INSERT INTO artist_genre VALUES('63MQldklfxkjYDoUE4Tppz',84);
INSERT INTO artist_genre VALUES('63MQldklfxkjYDoUE4Tppz',85);
INSERT INTO artist_genre VALUES('63MQldklfxkjYDoUE4Tppz',8);
INSERT INTO artist_genre VALUES('63MQldklfxkjYDoUE4Tppz',38);
INSERT INTO artist_genre VALUES('63MQldklfxkjYDoUE4Tppz',86);
CREATE TABLE info (
  version text
);
INSERT INTO info VALUES('1');
INSERT INTO info VALUES('2');
DELETE FROM sqlite_sequence;
INSERT INTO sqlite_sequence VALUES('genre',86);
COMMIT;
